payment_id,user_id,payment_date,amount,currency
P000001,U00004,09-17-2023,75.83,USD
P000002,U00004,2023-07-03,76.6,USD
P000003,U00004,07-08-2023,79.33,USD
P000004,U00004,20/06/2023,79.65,USD
P000005,U00004,16/11/2023,80.13,USD
P000006,U00007,18/05/2023,28.95,USD
P000007,U00012,2024-03-24,0.0,USD
P000008,U00018,04/07/2023,29.76,USD
P000009,U00020,2024-03-02,0.0,GBP
P000010,U00020,05-12-2024,0.0,GBP
P000011,U00020,16/12/2023,0.0,GBP
P000012,U00020,12/09/2023,0.0,GBP
P000013,U00023,05/02/2024,28.78,USD
P000014,U00023,23/02/2024,29.0,USD
P000015,U00024,01-20-2024,28.35,USD
P000016,U00024,01/01/2024,28.29,USD
P000017,U00024,2024-01-30,28.66,USD
P000018,U00026,02/03/2024,28.49,USD
P000019,U00027,2024-06-24,77.02,EUR
P000020,U00030,15/05/2024,27.87,USD
P000021,U00035,12/01/2024,76.99,USD
P000022,U00035,2024-02-27,79.25,USD
P000023,U00035,28/06/2024,81.26,USD
P000024,U00035,21/05/2024,78.57,USD
P000025,U00035,10-22-2023,78.69,USD
P000026,U00035,2023-11-03,77.07,USD
P000027,U00035,2024-03-31,78.3,USD
P000028,U00035,2024-06-12,79.22,USD
P000029,U00035,01/03/2024,78.5,USD
P000030,U00037,2023-09-01,29.68,EUR
P000031,U00038,2024-03-07,78.75,GBP
P000032,U00042,30/08/2023,77.66,USD
P000033,U00042,2023-08-18,81.22,USD
P000034,U00042,2023-08-05,-79.59,USD
P000035,U00042,07/10/2023,79.0,USD
P000036,U00050,11-26-2023,0.0,USD
P000036,U00050,11-26-2023,0.0,USD
P000037,U00055,2023-01-21,0.0,USD
P000038,U00055,17/03/2023,0.0,USD
P000039,U00055,01-13-2023,0.0,USD
P000040,U00061,2023-12-15,79.05,USD
P000041,U00065,17/03/2023,28.16,USD
P000042,U00065,23/03/2023,29.03,USD
P000043,U00068,15/08/2023,0.0,USD
P000043,U00068,15/08/2023,0.0,USD
P000044,U00069,2024-05-31,27.68,NGN
P000045,U00071,25/08/2023,29.88,USD
P000046,U00074,2023-02-12,77.93,NGN
P000047,U00078,2023-10-11,28.51,USD
P000048,U00079,29/06/2024,80.76,INR
P000049,U00081,2023-01-27,0.0,USD
P000050,U00088,2023-04-12,0.0,USD
P000051,U00092,06/01/2023,77.02,USD
P000052,U00093,2023-11-29,29.05,GBP
P000053,U00093,2023-11-10,28.77,GBP
P000054,U00093,2023-12-21,30.18,GBP
P000054,U00093,2023-12-21,30.18,GBP
P000055,U00094,14/05/2024,-78.18,USD
P000056,U00095,26/04/2024,30.43,USD
P000057,U00095,21/02/2024,29.71,USD
P000058,U00095,04/04/2024,30.44,USD
P000059,U00095,27/06/2024,29.14,USD
P000060,U00095,06-26-2024,29.06,USD
P000060,U00095,06-26-2024,29.06,USD
P000061,U00098,01/05/2024,0.0,USD
P000062,U00100,2024-03-16,81.53,USD
P000063,U00100,06-10-2024,80.43,USD
P000064,U00100,03-07-2024,79.2,USD
P000065,U00100,04-09-2024,75.42,USD
P000066,U00100,04-11-2024,76.37,USD
P000067,U00101,2024-06-21,76.25,INR
P000068,U00101,28/03/2024,75.44,INR
P000069,U00102,11/10/2023,0.0$,USD
P000070,U00102,12-25-2023,0.0,USD
P000071,U00102,2023-12-03,0.0,USD
P000072,U00102,2023-11-11,0.0,USD
P000073,U00103,13/04/2023,28.11,USD
P000074,U00104,04-25-2023,27.96,USD
P000075,U00107,19/07/2023,28.42,USD
P000076,U00108,30/11/2023,78.06,USD
P000077,U00109,2023-07-28,29.85,EUR
P000078,U00109,27/02/2023,30.44,EUR
P000079,U00109,28/03/2023,30.07,EUR
P000080,U00109,05-02-2023,27.71,EUR
P000081,U00109,02/07/2023,28.35,EUR
P000082,U00109,2023-06-19,29.98,EUR
P000083,U00111,05-25-2024,80.31,GBP
P000084,U00111,06-04-2024,79.48,GBP
P000085,U00115,02-24-2024,75.98,GBP
P000086,U00127,07/12/2023,27.62,EUR
P000087,U00127,03/07/2023,28.4,EUR
P000088,U00127,25/11/2023,30.13,EUR
P000089,U00127,08-01-2023,28.35,EUR
P000090,U00128,02/12/2023,81.14,USD
P000091,U00133,2024-03-18,81.66,NGN
P000092,U00133,08/04/2024,80.75,NGN
P000093,U00133,02-15-2024,76.52,NGN
P000094,U00133,2024-01-16,77.82,NGN
P000095,U00133,11-15-2023,77.6,NGN
P000096,U00139,2024-06-28,30.2,NGN
P000097,U00141,16/06/2024,27.85,USD
P000098,U00142,10/12/2023,0.0,USD
P000099,U00142,12-20-2023,0.0,USD
P000100,U00150,2024-02-17,79.44,USD
P000101,U00153,22/03/2023,80.63,INR
P000102,U00154,05-02-2023,0.0,USD
P000103,U00156,2023-11-03,0.0,NGN
P000104,U00156,2023-12-20,0.0,NGN
P000105,U00156,01/11/2023,0.0,NGN
P000106,U00156,2023-11-07,0.0,NGN
P000107,U00156,19/11/2023,0.0,NGN
P000108,U00161,2023-08-06,29.28,USD
P000109,U00161,06-05-2023,28.17,USD
P000110,U00161,19/05/2023,28.51,USD
P000111,U00161,2023-04-18,29.77,USD
P000112,U00161,2023-07-17,27.7,USD
P000113,U00161,2023-07-18,27.73,USD
P000114,U00163,2023-04-10,29.43,USD
P000115,U00163,05/05/2023,30.29,USD
P000116,U00163,05/02/2024,28.73,USD
P000117,U00165,04/08/2023,27.81,USD
P000118,U00165,09-01-2023,29.39,USD
P000119,U00165,2023-06-18,27.61,USD
P000120,U00165,09-08-2023,28.63,USD
P000121,U00165,06/11/2023,29.0,USD
P000122,U00167,2024-04-19,28.1,USD
P000123,U00168,2024-01-27,78.01,USD
P000124,U00168,2024-01-18,76.23,USD
P000125,U00168,21/01/2024,82.07,USD
P000126,U00171,13/11/2023,28.11,USD
P000127,U00171,02/05/2024,28.87,USD
P000128,U00171,2023-06-18,29.49,USD
P000129,U00173,08-24-2023,75.51,USD
P000130,U00174,12-21-2023,80.29,USD
P000131,U00176,07-20-2023,77.58,USD
P000132,U00176,14/09/2023,78.24,USD
P000133,U00176,12/05/2023,77.59,USD
P000134,U00176,02-01-2024,81.14,USD
P000135,U00176,02-18-2024,75.38,USD
P000136,U00176,01-17-2024,82.16,USD
P000137,U00176,2023-04-20,79.27,USD
P000138,U00176,16/08/2023,82.67,USD
P000139,U00176,01-13-2024,79.07,USD
P000140,U00176,2023-12-29,75.4,USD
P000141,U00176,13/03/2024,76.8,USD
P000142,U00177,2023-08-13,28.15,USD
P000143,U00185,14/07/2023,76.99,USD
P000144,U00187,17/11/2023,-28.74,USD
P000145,U00198,02-05-2024,27.74,USD
P000146,U00199,2024-02-25,0.0,USD
P000147,U00199,02-11-2024,0.0,USD
P000148,U00210,05-12-2024,27.96,USD
P000149,U00210,2024-05-17,30.38,USD
P000150,U00210,09/04/2024,27.59,USD
P000151,U00211,2024-05-27,78.14,EUR
P000152,U00218,06-17-2024,27.97,GBP
P000153,U00221,2023-12-27,0.0$,USD
P000154,U00230,04-27-2024,0.0,USD
P000155,U00233,08-23-2023,30.1,USD
P000156,U00233,2023-04-04,30.34,USD
P000157,U00233,2023-06-18,29.7,USD
P000158,U00239,31/07/2023,0.0,USD
P000159,U00241,05-31-2024,29.62,USD
P000160,U00244,06-29-2024,77.47,USD
P000161,U00248,22/04/2024,28.18,USD
P000162,U00248,2024-05-23,28.8,USD
P000163,U00250,2023-09-03,29.78,INR
P000164,U00251,08-23-2023,29.76,NGN
P000165,U00251,2024-01-26,29.68,NGN
P000166,U00251,06/08/2023,27.61,NGN
P000167,U00251,05-30-2024,27.81,NGN
P000168,U00253,11-21-2023,29.24,USD
P000169,U00254,06-08-2023,82.01,USD
P000170,U00254,21/04/2023,76.3,USD
P000171,U00254,2023-05-18,81.75,USD
P000172,U00256,20/03/2024,28.93,USD
P000173,U00259,2023-07-23,0.0,GBP
P000174,U00259,2023-06-21,0.0,GBP
P000175,U00259,06-08-2023,0.0,GBP
P000176,U00259,19/07/2023,0.0,GBP
P000177,U00259,09-12-2023,0.0,GBP
P000178,U00259,08-07-2023,0.0,GBP
P000179,U00264,03/01/2024,28.31,EUR
P000180,U00266,2024-02-25,75.3,USD
P000180,U00266,2024-02-25,75.3,USD
P000181,U00269,30/10/2023,29.57,USD
P000182,U00269,03-27-2024,29.04,USD
P000183,U00269,2023-12-29,27.93,USD
P000184,U00269,01-26-2024,28.37,USD
P000185,U00273,09-21-2023,76.97,INR
P000186,U00273,02-03-2024,76.92,INR
P000187,U00273,25/03/2024,79.0,INR
P000188,U00275,13/05/2023,30.35,GBP
P000189,U00277,07/06/2024,28.09,USD
P000190,U00283,14/01/2024,30.41,USD
P000191,U00283,2024-01-19,29.51,USD
P000192,U00283,2023-12-06,27.57,USD
P000193,U00283,02-16-2024,29.12,USD
P000194,U00285,03-18-2023,80.07,USD
P000195,U00289,2024-06-25,28.28,EUR
P000196,U00297,02-21-2023,77.57,EUR
P000197,U00297,06-16-2023,79.83,EUR
P000198,U00297,17/07/2023,77.57,EUR
P000199,U00297,05-12-2023,77.42,EUR
P000200,U00297,12/03/2023,76.85,EUR
P000201,U00297,05/05/2023,82.0,EUR
P000202,U00300,04-28-2024,30.08,USD
P000203,U00300,05-10-2024,-28.71,USD
P000204,U00301,15/02/2024,-28.18,GBP
P000205,U00301,04-15-2024,28.12,GBP
P000206,U00303,12-04-2023,78.47,NGN
P000207,U00303,09-10-2023,77.84,NGN
P000208,U00303,30/11/2023,79.85,NGN
P000209,U00303,02-02-2024,76.76,NGN
P000210,U00303,09-29-2023,77.72,NGN
P000211,U00304,29/05/2023,81.43,USD
P000212,U00304,25/06/2023,79.0,USD
P000213,U00306,27/07/2023,82.24,EUR
P000214,U00306,09-19-2023,77.27,EUR
P000215,U00307,2023-05-22,30.37,EUR
P000216,U00308,2024-04-28,75.2,USD
P000217,U00308,01-16-2024,77.59,USD
P000218,U00308,30/08/2023,75.58,USD
P000219,U00308,2024-02-19,76.18,USD
P000220,U00308,13/08/2023,80.05,USD
P000221,U00308,23/12/2023,76.2,USD
P000222,U00308,2024-01-08,82.03,USD
P000223,U00308,05-11-2024,79.77,USD
P000224,U00308,26/04/2024,76.59,USD
P000225,U00308,2023-10-30,80.59,USD
P000225,U00308,2023-10-30,80.59,USD
P000226,U00310,05-08-2024,78.72,USD
P000227,U00311,09-01-2023,75.9,INR
P000228,U00313,2023-04-19,75.46,USD
P000229,U00313,02/07/2023,81.62,USD
P000230,U00313,2023-11-08,77.61,USD
P000231,U00313,11-06-2023,77.28,USD
P000232,U00313,2023-03-23,80.76,USD
P000233,U00313,2023-04-25,76.25,USD
P000234,U00322,10/08/2023,81.48,GBP
P000235,U00324,2024-06-26,81.71,USD
P000236,U00325,2023-05-08,0.0,USD
P000237,U00325,06-14-2023,0.0,USD
P000238,U00327,05-22-2024,-79.65,USD
P000239,U00328,02-24-2024,-27.99,USD
P000240,U00328,2024-03-08,28.32,USD
P000241,U00334,03/06/2024,79.82,USD
P000242,U00334,05-10-2024,76.51,USD
P000243,U00336,28/06/2024,76.74,EUR
P000244,U00340,12/02/2024,-27.62,USD
P000245,U00342,12-24-2023,79.8,USD
P000246,U00344,2023-05-15,0.0,GBP
P000247,U00346,12-15-2023,30.34,NGN
P000248,U00347,2023-08-14,78.35,USD
P000249,U00347,2023-08-16,76.17,USD
P000250,U00348,04-07-2023,27.59,USD
P000251,U00354,28/02/2023,27.64,EUR
P000251,U00354,28/02/2023,27.64,EUR
P000252,U00355,11-25-2023,30.33,EUR
P000253,U00359,01-31-2024,-78.59,USD
P000254,U00359,2024-02-29,81.82,USD
P000255,U00361,01-09-2024,78.65,GBP
P000256,U00365,2024-05-12,28.63,USD
P000257,U00365,2024-06-17,29.51,USD
P000258,U00365,15/03/2024,30.12,USD
P000259,U00365,2024-05-31,29.74,USD
P000260,U00366,09-20-2023,28.54,USD
P000261,U00366,23/06/2023,30.38,USD
P000262,U00366,06-11-2023,29.94,USD
P000263,U00366,06-04-2023,29.06,USD
P000264,U00366,03/10/2023,30.28,USD
P000265,U00366,08-29-2023,27.89,USD
P000266,U00367,2024-06-01,28.57,USD
P000267,U00367,2024-03-24,29.41,USD
P000268,U00367,2024-06-28,27.55,USD
P000269,U00367,2024-05-16,27.97,USD
P000270,U00369,2023-11-09,27.83,USD
P000271,U00371,12-26-2023,78.63,USD
P000272,U00375,01-29-2023,82.31,GBP
P000272,U00375,01-29-2023,82.31,GBP
P000273,U00378,17/08/2023,81.35,USD
P000274,U00378,07-14-2023,79.69,USD
P000275,U00378,2023-06-06,82.91,USD
P000276,U00378,06-03-2023,77.04,USD
P000277,U00378,2023-07-03,82.34,USD
P000278,U00378,06-28-2023,82.82,USD
P000279,U00384,06-10-2023,0.0,USD
P000280,U00386,04/03/2023,28.4,USD
P000281,U00387,05-09-2023,-0.0,USD
P000282,U00394,04-01-2024,75.97,EUR
P000283,U00394,17/11/2023,75.24,EUR
P000284,U00394,04-20-2023,80.65,EUR
P000285,U00394,05-24-2023,78.36,EUR
P000286,U00394,09-23-2023,75.58,EUR
P000287,U00394,2023-08-29,78.8,EUR
P000288,U00394,2023-05-29,75.24,EUR
P000289,U00394,03/10/2023,80.26,EUR
P000290,U00394,05-08-2024,79.0,EUR
P000291,U00400,03-31-2024,75.52,USD
P000292,U00402,07/05/2024,30.05,USD
P000293,U00403,2024-02-26,28.67,USD
P000294,U00403,2024-02-21,29.48,USD
P000295,U00404,18/05/2024,0.0,GBP
P000296,U00406,21/01/2024,29.81,USD
P000297,U00408,05-12-2024,29.33,USD
P000298,U00408,2024-01-08,28.25,USD
P000299,U00408,04-24-2024,29.29,USD
P000300,U00408,03/01/2024,29.79,USD
P000301,U00408,05-06-2024,29.44,USD
P000302,U00408,14/03/2024,30.22,USD
P000303,U00409,01-19-2024,79.48,GBP
P000304,U00409,02/10/2023,78.76,GBP
P000305,U00409,18/12/2023,79.13,GBP
P000306,U00409,28/10/2023,81.96,GBP
P000307,U00409,2024-02-29,76.94,GBP
P000308,U00409,02-13-2024,77.7,GBP
P000309,U00410,01-01-2024,28.1,INR
P000310,U00417,10-19-2023,78.01,USD
P000311,U00420,13/05/2024,-30.4,USD
P000312,U00421,24/06/2023,0.0,USD
P000313,U00421,16/07/2023,0.0,USD
P000314,U00421,2023-05-16,0.0,USD
P000315,U00421,24/03/2023,0.0,USD
P000316,U00421,2023-04-10,0.0,USD
P000317,U00421,10-05-2023,0.0,USD
P000318,U00423,16/02/2023,0.0,USD
P000319,U00424,30/04/2023,79.42,USD
P000320,U00424,06-04-2023,-79.33,USD
P000321,U00425,05/11/2023,27.83,USD
P000322,U00426,02-20-2024,27.56,USD
P000323,U00426,15/04/2024,28.84,USD
P000324,U00427,27/05/2024,30.02,USD
P000325,U00427,04-22-2024,30.11,USD
P000326,U00429,06-21-2024,78.0,USD
P000327,U00434,2023-10-20,28.22,USD
P000328,U00434,09/09/2023,30.26,USD
P000329,U00434,14/09/2023,29.87,USD
P000330,U00434,2023-05-02,28.97,USD
P000331,U00434,22/07/2023,28.29,USD
P000332,U00434,07-30-2023,28.01,USD
P000333,U00435,2024-02-13,75.43,USD
P000334,U00436,2023-04-21,79.2,USD
P000335,U00438,07-16-2023,28.03,USD
P000336,U00438,05-27-2023,29.21,USD
P000337,U00439,2024-06-14,0.0,USD
P000338,U00445,2024-04-20,82.41$,USD
P000339,U00445,2024-06-04,77.2,USD
P000340,U00446,23/03/2024,28.0,USD
P000341,U00454,23/05/2024,77.32,USD
P000342,U00455,06/11/2023,29.07,USD
P000343,U00455,17/10/2023,29.31,USD
P000344,U00455,2023-08-27,30.27,USD
P000345,U00455,21/10/2023,27.66,USD
P000346,U00455,09/06/2023,29.3,USD
P000347,U00455,22/05/2023,28.46,USD
P000348,U00457,2024-02-10,27.96,INR
P000349,U00457,21/09/2023,30.16,INR
P000350,U00457,2023-12-17,29.62,INR
P000351,U00457,12-07-2023,30.33,INR
P000352,U00457,15/03/2024,27.84,INR
P000353,U00458,13/04/2023,28.58,GBP
P000354,U00458,2023-05-10,29.0,GBP
P000355,U00460,06-30-2023,29.71,USD
P000356,U00463,05-22-2023,79.96,USD
P000357,U00463,08-23-2023,76.02,USD
P000358,U00463,01-22-2023,80.31,USD
P000359,U00463,03/02/2023,82.94,USD
P000360,U00463,2023-09-21,80.69,USD
P000361,U00463,04/03/2023,81.07,USD
P000362,U00463,2023-06-10,76.79,USD
P000363,U00463,2023-03-24,78.36,USD
P000364,U00463,2023-06-22,79.37,USD
P000365,U00463,2023-02-02,76.34,USD
P000366,U00470,03-05-2024,79.61,USD
P000367,U00472,02/04/2024,28.21,GBP
P000368,U00472,2024-05-23,28.42,GBP
P000369,U00472,2024-06-08,28.42,GBP
P000370,U00474,06-20-2024,82.2,USD
P000371,U00476,04-30-2024,28.42,GBP
P000372,U00476,04/04/2024,29.8,GBP
P000373,U00477,17/05/2023,82.78,USD
P000374,U00477,01/04/2023,78.89,USD
P000375,U00491,2023-12-21,-30.43,EUR
P000376,U00492,2024-05-26,29.58,EUR
P000377,U00492,2024-06-20,28.45,EUR
P000378,U00492,2023-07-25,29.33,EUR
P000379,U00492,06-22-2024,28.68,EUR
P000380,U00492,31/10/2023,29.33,EUR
P000381,U00492,09-01-2023,27.74,EUR
P000382,U00492,05-06-2024,29.58,EUR
P000383,U00492,10-28-2023,27.64,EUR
P000384,U00492,09/01/2024,29.9,EUR
P000385,U00492,2024-03-19,29.6,EUR
P000386,U00492,2024-05-13,30.41,EUR
P000387,U00494,11/04/2024,79.69,USD
P000388,U00498,03-24-2023,78.49,NGN
P000389,U00499,2024-04-16,0.0,USD
P000390,U00499,09/06/2024,0.0,USD
P000391,U00502,06-10-2024,77.61,NGN
P000392,U00502,03-17-2024,80.25,NGN
P000393,U00502,30/01/2024,75.11,NGN
P000394,U00502,2024-01-13,78.9,NGN
P000395,U00504,07-28-2023,0.0,NGN
P000396,U00508,01-11-2024,0.0,USD
P000397,U00509,08-13-2023,82.37,GBP
P000398,U00509,31/08/2023,75.36,GBP
P000399,U00509,2023-08-06,82.92,GBP
P000400,U00512,11-25-2023,30.11,USD
P000401,U00512,2023-09-19,28.85,USD
P000402,U00517,20/11/2023,28.7,USD
P000403,U00517,03-14-2024,29.91,USD
P000404,U00517,05-30-2024,29.85,USD
P000405,U00517,05-03-2024,27.7,USD
P000406,U00518,2023-11-03,79.48,USD
P000407,U00518,2023-11-22,79.0,USD
P000408,U00521,2024-03-04,76.39,USD
P000409,U00522,02-21-2024,29.77,USD
P000410,U00523,21/02/2023,0.0,USD
P000411,U00525,01/05/2023,29.97,USD
P000412,U00528,2024-03-29,29.89,USD
P000413,U00528,2024-05-19,30.2,USD
P000414,U00530,10/09/2023,76.58,EUR
P000415,U00530,2023-06-04,77.74,EUR
P000416,U00530,2023-11-02,79.1,EUR
P000417,U00530,2023-09-27,80.09,EUR
P000418,U00530,21/10/2023,76.84,EUR
P000419,U00532,27/02/2024,75.38$,USD
P000420,U00532,21/03/2023,82.85,USD
P000421,U00532,2023-12-31,81.67,USD
P000422,U00532,2023-05-06,81.71,USD
P000423,U00532,10-31-2023,76.12,USD
P000424,U00532,01-04-2024,77.74,USD
P000425,U00536,03/07/2023,29.57,USD
P000426,U00537,2023-08-09,27.77,USD
P000427,U00537,25/08/2023,29.0,USD
P000428,U00542,2024-02-17,27.83,USD
P000429,U00544,09-30-2023,28.35,USD
P000430,U00544,10-11-2023,29.9,USD
P000431,U00546,23/12/2023,82.12,USD
P000432,U00546,2023-12-22,80.25,USD
P000433,U00546,22/12/2023,82.55,USD
P000434,U00546,12/12/2023,78.76,USD
P000435,U00546,2024-01-03,79.72,USD
P000436,U00546,2024-02-06,76.38,USD
P000436,U00546,2024-02-06,76.38,USD
P000437,U00550,07-29-2023,0.0,USD
P000438,U00554,05-21-2023,29.94,USD
P000439,U00554,2023-08-14,30.19,USD
P000440,U00554,2023-12-07,28.77,USD
P000441,U00554,08-12-2023,29.26,USD
P000442,U00554,2023-05-18,29.91,USD
P000443,U00554,2023-04-28,29.61,USD
P000444,U00554,16/12/2023,27.76,USD
P000445,U00554,04-20-2023,29.22,USD
P000446,U00554,2023-03-13,28.75,USD
P000447,U00554,14/12/2023,29.43,USD
P000448,U00554,2023-08-02,29.46,USD
P000449,U00558,17/06/2024,0.0,USD
P000450,U00560,09/06/2024,79.19,INR
P000451,U00561,2024-02-22,29.78,USD
P000452,U00561,2024-03-24,28.87,USD
P000453,U00561,13/04/2024,30.06,USD
P000454,U00562,01-21-2024,28.23,USD
P000455,U00562,29/11/2023,29.41,USD
P000456,U00564,2023-08-26,27.61,INR
P000457,U00566,24/05/2023,0.0,GBP
P000458,U00566,05-20-2023,0.0,GBP
P000459,U00566,2023-06-12,0.0$,GBP
P000460,U00572,19/06/2024,30.34,EUR
P000461,U00572,14/05/2024,29.36,EUR
P000462,U00581,02-14-2024,28.75,USD
P000463,U00585,07/03/2024,28.29,USD
P000464,U00587,11-21-2023,28.24,USD
P000465,U00589,06-09-2024,28.35,USD
P000465,U00589,06-09-2024,28.35,USD
P000466,U00591,06-19-2024,77.66,USD
P000467,U00593,2024-06-24,28.86,USD
P000468,U00594,2024-05-06,76.57,EUR
P000469,U00598,01-03-2024,78.6,USD
P000470,U00598,21/02/2024,80.77,USD
P000471,U00598,2024-02-06,80.48,USD
P000472,U00598,2023-11-27,78.04,USD
P000473,U00599,18/04/2024,76.29,USD
P000474,U00601,06-23-2024,30.11,NGN
P000475,U00601,06-29-2024,30.4,NGN
P000476,U00601,2024-06-19,29.47,NGN
P000477,U00606,2024-04-02,77.38,USD
P000478,U00607,2023-08-11,82.17,EUR
P000479,U00607,01-26-2024,78.84,EUR
P000480,U00612,2024-03-29,29.13,USD
P000481,U00614,2024-01-04,81.59,GBP
P000482,U00614,01-05-2024,81.39,GBP
P000483,U00614,01-06-2024,79.99,GBP
P000484,U00616,04-23-2024,-75.31,USD
P000485,U00616,27/06/2024,75.24,USD
P000486,U00618,06-15-2024,28.1,USD
P000487,U00621,2023-11-29,27.98,USD
P000488,U00621,14/12/2023,30.2,USD
P000489,U00621,08-12-2023,27.8,USD
P000490,U00621,2023-10-25,28.93,USD
P000491,U00621,2023-08-11,28.06,USD
P000492,U00623,2023-10-23,-29.29,USD
P000493,U00623,11-24-2023,28.55,USD
P000494,U00625,09/01/2024,76.23,USD
P000495,U00635,04-05-2023,78.68,GBP
P000496,U00635,2023-04-26,80.08,GBP
P000497,U00635,2023-02-22,75.56,GBP
P000498,U00636,05-22-2024,29.16$,USD
P000499,U00636,22/04/2024,28.3,USD
P000500,U00636,03-07-2024,30.1,USD
P000501,U00636,2024-04-28,28.09,USD
P000502,U00636,01-01-2024,29.5,USD
P000503,U00637,2023-09-19,80.32,EUR
P000504,U00637,04-06-2023,82.0,EUR
P000505,U00637,10/10/2023,81.73,EUR
P000506,U00637,02-02-2023,78.7,EUR
P000507,U00637,02/06/2023,76.29,EUR
P000508,U00637,12-04-2023,81.95,EUR
P000509,U00637,2023-09-21,77.97,EUR
P000510,U00637,04/12/2023,82.25,EUR
P000511,U00637,05-01-2023,78.3,EUR
P000512,U00637,2023-11-14,79.24,EUR
P000513,U00641,03-25-2023,78.73,USD
P000514,U00643,04/03/2023,82.29,USD
P000515,U00644,2024-01-26,28.69,USD
P000516,U00644,01-13-2024,27.82,USD
P000517,U00644,01-27-2024,29.13,USD
P000518,U00644,14/01/2024,29.38,USD
P000519,U00644,2024-04-13,30.45,USD
P000520,U00645,23/11/2023,0.0,INR
P000521,U00648,15/07/2023,82.93,USD
P000522,U00649,03-07-2024,28.26,USD
P000523,U00649,2024-06-09,28.32,USD
P000524,U00649,24/05/2024,30.21,USD
P000525,U00650,06-22-2024,75.65,USD
P000526,U00651,2024-04-03,28.2,USD
P000527,U00652,10-23-2023,29.91,USD
P000528,U00652,01/03/2024,27.98,USD
P000529,U00652,01-27-2024,27.77,USD
P000530,U00652,05-27-2024,28.4,USD
P000531,U00652,03/09/2023,29.96,USD
P000532,U00652,11-18-2023,28.98,USD
P000533,U00652,05/09/2023,29.06,USD
P000534,U00655,06-04-2023,30.12,USD
P000535,U00656,2024-03-31,80.46,USD
P000536,U00660,2023-05-26,78.45,USD
P000537,U00660,04-24-2023,80.0,USD
P000538,U00661,08-05-2023,0.0,USD
P000539,U00664,2023-02-15,76.72,USD
P000540,U00664,22/03/2023,79.0,USD
P000541,U00666,02/12/2023,77.96,USD
P000542,U00666,06/09/2023,79.59,USD
P000543,U00666,08-26-2023,79.65,USD
P000544,U00666,12-27-2023,79.98,USD
P000545,U00666,03-27-2024,78.02,USD
P000546,U00666,01-23-2024,79.83,USD
P000547,U00666,09/03/2024,82.8,USD
P000548,U00666,07-14-2023,79.28,USD
P000549,U00666,08-23-2023,76.21,USD
P000550,U00666,2024-04-27,77.5,USD
P000551,U00669,11-24-2023,76.17,USD
P000552,U00669,01-24-2024,75.48,USD
P000553,U00669,27/07/2023,76.27,USD
P000554,U00669,06/01/2024,75.29,USD
P000555,U00670,07-31-2023,77.62,USD
P000556,U00672,2023-05-03,30.15,USD
P000557,U00675,29/03/2024,81.76,GBP
P000558,U00680,14/09/2023,30.23,USD
P000559,U00685,05-19-2024,28.28,INR
P000560,U00687,2023-03-25,29.37,USD
P000561,U00688,09/04/2024,29.04,EUR
P000562,U00688,2024-04-19,29.0,EUR
P000563,U00692,2023-03-16,29.94,GBP
P000564,U00697,2023-09-13,28.73,USD
P000565,U00702,16/03/2023,82.13,USD
P000566,U00704,2024-03-22,81.08,NGN
P000567,U00704,28/02/2024,75.2,NGN
P000568,U00704,2024-06-16,81.58,NGN
P000569,U00705,03/04/2024,0.0,INR
P000570,U00705,2024-04-18,0.0,INR
P000571,U00707,16/03/2023,0.0,USD
P000572,U00708,2024-06-06,82.92,USD
P000572,U00708,2024-06-06,82.92,USD
P000573,U00709,29/03/2024,28.77,USD
P000574,U00711,05-08-2023,28.1,USD
P000575,U00711,2023-05-25,28.44,USD
P000576,U00713,07/04/2023,75.39,USD
P000577,U00713,2023-02-22,76.92,USD
P000578,U00714,2024-04-25,0.0,NGN
P000579,U00714,11-26-2023,0.0,NGN
P000580,U00714,03-07-2024,0.0,NGN
P000581,U00714,13/02/2024,0.0,NGN
P000582,U00716,04-01-2024,29.94,USD
P000583,U00716,25/01/2024,29.13,USD
P000584,U00717,2023-06-26,0.0,USD
P000585,U00719,10/05/2023,0.0,USD
P000586,U00724,09-26-2023,28.01,USD
P000587,U00724,2023-07-29,27.59,USD
P000588,U00724,09-29-2023,28.32,USD
P000589,U00729,06-06-2024,82.59,INR
P000590,U00729,02-01-2024,76.91,INR
P000591,U00729,26/10/2023,82.58,INR
P000592,U00729,11-02-2023,82.57,INR
P000593,U00729,04-05-2024,82.75,INR
P000594,U00729,02-10-2024,80.17,INR
P000595,U00729,12/06/2024,79.1,INR
P000596,U00729,2024-03-02,78.62,INR
P000597,U00731,2023-12-29,30.15,USD
P000598,U00731,01-28-2024,29.78,USD
P000599,U00733,2023-06-28,78.96,NGN
P000600,U00741,2023-02-13,0.0,EUR
P000601,U00744,07-18-2023,81.91,EUR
P000602,U00747,19/10/2023,82.16,USD
P000603,U00752,02-21-2023,80.06,USD
P000604,U00755,07/04/2023,0.0,USD
P000605,U00756,05-06-2023,30.2,USD
P000606,U00756,2023-05-05,28.72,USD
P000607,U00756,2023-06-07,29.09,USD
P000608,U00756,16/09/2023,30.43,USD
P000609,U00756,12/06/2023,28.61,USD
P000610,U00756,16/06/2023,30.3,USD
P000611,U00758,05-26-2023,28.11,USD
P000612,U00758,2023-08-20,29.04,USD
P000613,U00762,2023-04-23,77.18,GBP
P000614,U00762,24/05/2023,77.48,GBP
P000615,U00762,16/08/2023,77.64,GBP
P000616,U00763,10/04/2024,75.82,USD
P000617,U00763,01/05/2024,79.0,USD
P000618,U00764,24/02/2024,28.37,EUR
P000619,U00766,2024-05-18,29.07,EUR
P000620,U00767,10/05/2023,27.93,USD
P000621,U00768,07-26-2023,0.0,INR
P000622,U00768,03/08/2023,0.0,INR
P000623,U00768,07-13-2023,0.0,INR
P000624,U00773,2023-08-29,80.68,USD
P000625,U00773,05-28-2023,82.62,USD
P000626,U00773,2023-06-21,82.83,USD
P000627,U00776,2024-01-24,27.76,GBP
P000628,U00776,29/02/2024,30.07$,GBP
P000629,U00776,04-29-2024,27.65,GBP
P000630,U00776,01-04-2024,29.53,GBP
P000631,U00779,2023-02-14,79.0,USD
P000632,U00779,14/03/2023,78.6,USD
P000633,U00779,04-04-2023,78.31,USD
P000634,U00782,2024-02-29,0.0,USD
P000635,U00784,10-15-2023,79.84,USD
P000636,U00788,09/03/2024,28.97,USD
P000637,U00788,19/05/2024,29.0,USD
P000638,U00791,09/08/2023,78.84,USD
P000639,U00794,02-06-2024,27.96,USD
P000640,U00794,03-18-2024,28.87,USD
P000641,U00794,15/01/2024,28.69,USD
P000642,U00796,08-30-2023,76.62,EUR
P000643,U00796,2023-10-12,79.65,EUR
P000644,U00797,21/03/2024,82.01,NGN
P000645,U00801,05-13-2024,80.21,USD
P000646,U00804,09-02-2023,76.02,USD
P000647,U00806,15/03/2024,29.21,USD
P000648,U00806,04-03-2024,28.07,USD
P000649,U00808,08-18-2023,28.02,USD
P000650,U00808,2023-11-03,29.75,USD
P000651,U00809,2023-06-04,82.52,USD
P000652,U00813,06-21-2024,76.42,GBP
P000653,U00815,11-27-2023,29.01,USD
P000654,U00815,09-28-2023,29.56,USD
P000655,U00815,2023-11-26,28.59,USD
P000656,U00815,2024-01-21,29.98,USD
P000657,U00815,27/09/2023,27.6,USD
P000658,U00815,22/12/2023,27.79,USD
P000659,U00816,2023-08-16,80.8,USD
P000660,U00818,11-23-2023,0.0,EUR
P000661,U00822,2023-09-10,0.0,USD
P000662,U00824,18/06/2023,75.98,USD
P000663,U00833,06-09-2023,29.64,USD
P000664,U00834,24/12/2023,82.36,USD
P000665,U00837,16/04/2023,81.19,USD
P000666,U00840,06-24-2024,27.96$,EUR
P000667,U00841,22/06/2024,27.6,USD
P000668,U00847,06-28-2024,29.48,USD
P000669,U00848,2023-10-25,76.86,INR
P000670,U00850,11/01/2024,29.76,USD
P000671,U00850,13/10/2023,30.13,USD
P000672,U00850,2023-10-04,28.78,USD
P000673,U00850,2024-04-17,28.99,USD
P000674,U00850,03-04-2024,29.63,USD
P000675,U00850,09-22-2023,28.75,USD
P000676,U00851,07-30-2023,28.31,USD
P000677,U00851,28/11/2023,29.41,USD
P000678,U00851,2024-03-29,29.0,USD
P000678,U00851,2024-03-29,29.0,USD
P000679,U00854,16/06/2024,29.78,GBP
P000680,U00854,20/04/2024,27.74,GBP
P000681,U00854,03/03/2024,28.38,GBP
P000682,U00854,24/03/2024,29.99,GBP
P000683,U00869,06-17-2023,-75.39,USD
P000684,U00870,2023-01-15,81.91,GBP
P000685,U00870,2023-04-09,75.72,GBP
P000686,U00874,08/01/2024,30.32,USD
P000687,U00877,15/06/2024,78.58,USD
P000687,U00877,15/06/2024,78.58,USD
P000688,U00879,01-26-2024,30.45,USD
P000689,U00880,2024-05-30,78.51,USD
P000690,U00880,02-26-2024,79.67,USD
P000691,U00880,02/06/2024,78.8,USD
P000692,U00880,03-09-2024,78.41,USD
P000693,U00880,2024-06-20,79.0,USD
P000694,U00883,01-27-2024,27.61,USD
P000695,U00889,01/02/2024,77.54,GBP
P000696,U00891,10/02/2024,29.26,USD
P000697,U00891,02-20-2024,28.7,USD
P000698,U00891,12-15-2023,29.43,USD
P000699,U00892,22/08/2023,30.18,USD
P000700,U00898,2024-06-21,29.49,USD
P000701,U00900,01-17-2023,28.03,USD
P000702,U00901,2023-04-28,81.53,USD
P000703,U00909,05-26-2024,80.46,USD
P000704,U00912,07-10-2023,30.34,USD
P000705,U00917,2024-04-14,77.1,USD
P000706,U00917,03-02-2024,82.53,USD
P000707,U00917,10/02/2024,79.56,USD
P000708,U00918,10-01-2023,29.12,USD
P000709,U00919,02-26-2024,75.72,USD
P000710,U00920,02-08-2024,81.51,USD
P000711,U00920,22/12/2023,79.47,USD
P000712,U00920,01-21-2024,82.5,USD
P000713,U00920,02-01-2024,75.45,USD
P000714,U00920,23/10/2023,77.09,USD
P000715,U00925,06-23-2024,28.58,USD
P000716,U00929,09-12-2023,29.97,EUR
P000717,U00931,13/07/2023,27.99,USD
P000718,U00931,06-22-2023,28.67,USD
P000719,U00932,2023-10-20,-79.37,USD
P000720,U00932,07-05-2023,79.27,USD
P000721,U00932,08/04/2023,82.0,USD
P000722,U00932,05-21-2023,82.88,USD
P000723,U00932,19/04/2023,78.41,USD
P000724,U00932,04-21-2023,76.74,USD
P000725,U00932,2023-06-28,77.88,USD
P000726,U00933,29/05/2024,28.17,USD
P000727,U00939,07/02/2024,76.36,USD
P000728,U00939,19/11/2023,76.19,USD
P000729,U00939,2023-12-19,75.3,USD
P000730,U00939,01-14-2024,79.53,USD
P000731,U00939,11-17-2023,82.13,USD
P000732,U00939,09-08-2023,80.58,USD
P000733,U00940,12/08/2023,0.0,USD
P000734,U00941,27/06/2024,0.0,USD
P000735,U00943,06-25-2024,78.18,EUR
P000736,U00946,2024-02-28,29.26,USD
P000737,U00951,26/02/2023,29.57,USD
P000738,U00956,01-01-2024,78.38,USD
P000739,U00956,12-24-2023,75.84,USD
P000740,U00956,12-17-2023,-78.04,USD
P000741,U00960,27/03/2024,30.22,USD
P000742,U00960,22/06/2024,30.05,USD
P000743,U00965,06-23-2023,30.06,USD
P000744,U00965,22/12/2023,27.63,USD
P000745,U00965,05/04/2023,28.11,USD
P000746,U00965,01/03/2023,28.25,USD
P000747,U00965,16/12/2023,28.66,USD
P000748,U00966,2024-04-07,28.52,USD
P000749,U00966,06-05-2024,29.0,USD
P000750,U00970,12/01/2024,78.43,INR
P000751,U00975,08/10/2023,27.82,NGN
P000752,U00976,15/04/2024,29.76,USD
P000753,U00978,09/07/2023,28.12,GBP
P000754,U00978,09/09/2023,30.25,GBP
P000755,U00978,2023-09-09,27.94,GBP
P000756,U00978,2023-10-17,29.9,GBP
P000757,U00978,29/12/2023,29.0,GBP
P000758,U00979,05-05-2024,78.45,USD
P000759,U00979,2024-04-17,78.69,USD
P000760,U00985,12/05/2024,30.1,USD
P000761,U00986,15/06/2023,77.46,USD
P000762,U00986,2023-12-21,76.2,USD
P000763,U00986,02/05/2023,82.51,USD
P000764,U00986,27/06/2023,81.13,USD
P000765,U00986,28/11/2023,82.48,USD
P000766,U00986,08-26-2023,82.17,USD
P000767,U00986,2023-06-30,80.15,USD
P000768,U00986,03-20-2023,76.56,USD
P000769,U00986,2023-05-13,81.53,USD
P000770,U00986,18/11/2023,79.34,USD
P000771,U00986,2023-06-12,81.58,USD
P000772,U00986,2024-03-28,79.0,USD
P000773,U00987,2024-01-14,28.51,USD
P000774,U00990,2024-05-17,78.53,NGN
P000775,U00992,22/05/2023,28.29,USD
P000776,U00993,11/05/2024,29.55,USD
P000777,U00994,25/07/2023,80.19,EUR
P000778,U00997,11-02-2023,81.4,USD
P000779,U01002,26/06/2024,80.6,USD
P000780,U01004,16/06/2024,81.86,USD
P000781,U01015,01-03-2024,79.0,EUR
P000782,U01016,2023-10-17,79.62,USD
P000783,U01016,2023-06-09,-81.5,USD
P000784,U01016,04/06/2023,75.55,USD
P000785,U01016,06-23-2023,75.41,USD
P000786,U01016,10-09-2023,81.91,USD
P000786,U01016,10-09-2023,81.91,USD
P000787,U01018,08-10-2023,78.08,USD
P000788,U01018,2023-07-27,82.14,USD
P000789,U01019,08-23-2023,29.83,INR
P000790,U01019,04-10-2024,27.95,INR
P000791,U01019,2023-12-05,29.96,INR
P000792,U01019,15/05/2024,-29.79,INR
P000793,U01019,14/10/2023,27.56,INR
P000794,U01019,2024-05-19,29.26,INR
P000795,U01019,28/04/2024,27.68,INR
P000796,U01019,15/01/2024,28.33,INR
P000797,U01019,2023-12-27,28.42,INR
P000798,U01026,12-21-2023,28.91,INR
P000799,U01026,01-03-2024,28.11,INR
P000800,U01028,01-29-2024,79.84,USD
P000801,U01029,05-21-2024,82.91,USD
P000802,U01029,24/05/2024,79.0,USD
P000803,U01030,12/12/2023,78.63,USD
P000804,U01030,2023-10-07,80.53,USD
P000805,U01030,28/10/2023,78.46,USD
P000806,U01030,2024-03-15,82.66,USD
P000807,U01034,2024-06-15,0.0,USD
P000808,U01035,2023-12-05,80.96,USD
P000809,U01035,12-27-2023,75.64,USD
P000810,U01035,12/11/2023,76.19,USD
P000811,U01035,23/08/2023,78.49,USD
P000812,U01035,09-30-2023,79.1,USD
P000813,U01035,15/01/2024,82.92,USD
P000814,U01036,23/05/2024,28.63,EUR
P000815,U01036,13/06/2024,27.92,EUR
P000816,U01037,12/04/2023,27.6,NGN
P000817,U01041,11-11-2023,28.36,USD
P000818,U01044,02-02-2023,27.81,USD
P000819,U01044,2023-03-22,28.02,USD
P000820,U01044,03-04-2023,30.43,USD
P000821,U01044,2024-01-04,30.25$,USD
P000822,U01044,2023-02-02,29.83,USD
P000823,U01045,28/07/2023,0.0,USD
P000824,U01046,07-07-2023,30.3,USD
P000825,U01046,19/06/2023,28.13,USD
P000826,U01046,16/09/2023,-28.46,USD
P000827,U01046,11-15-2023,29.58,USD
P000828,U01046,12/09/2023,29.83,USD
P000829,U01046,07/07/2023,29.9,USD
P000830,U01050,06-18-2023,30.32,USD
P000831,U01050,2023-05-12,30.33,USD
P000832,U01050,2023-07-26,28.14,USD
P000833,U01050,17/10/2023,29.78,USD
P000834,U01050,03/05/2023,28.0,USD
P000835,U01052,2024-03-31,28.82,USD
P000836,U01056,06-23-2024,0.0,USD
P000837,U01058,12-30-2023,0.0,GBP
P000838,U01063,24/02/2024,27.7,USD
P000839,U01063,2023-10-26,28.61,USD
P000840,U01063,29/02/2024,29.94,USD
P000841,U01063,04-03-2024,29.77,USD
P000841,U01063,04-03-2024,29.77,USD
P000842,U01064,14/02/2024,28.23,USD
P000843,U01064,02-03-2024,29.02,USD
P000844,U01064,21/11/2023,27.96,USD
P000845,U01070,12-18-2023,30.22,USD
P000846,U01070,2023-08-16,30.44,USD
P000847,U01075,09-30-2023,75.67,USD
P000848,U01079,04/06/2024,29.39,USD
P000849,U01079,03-19-2024,30.32,USD
P000850,U01079,17/04/2024,30.0,USD
P000851,U01081,2023-03-09,30.2,EUR
P000852,U01081,2023-03-05,30.4,EUR
P000853,U01081,05-02-2023,-29.79,EUR
P000854,U01082,28/01/2024,28.17,USD
P000855,U01082,2023-08-23,27.76,USD
P000856,U01086,2023-01-19,0.0,USD
P000857,U01088,12-09-2023,0.0,GBP
P000858,U01088,13/12/2023,0.0,GBP
P000859,U01088,12-12-2023,0.0,GBP
P000860,U01090,2023-11-26,0.0,GBP
P000861,U01090,13/12/2023,0.0,GBP
P000862,U01098,21/05/2024,28.46,USD
P000863,U01102,04-02-2024,28.44,USD
P000864,U01103,01-07-2024,29.51$,USD
P000865,U01103,2023-12-10,30.2,USD
P000866,U01103,2024-01-12,30.17,USD
P000867,U01104,22/04/2024,80.41,USD
P000868,U01107,09-02-2023,81.82,USD
P000869,U01107,2023-11-22,79.74,USD
P000870,U01107,2023-08-15,82.58,USD
P000871,U01107,03/12/2023,75.12,USD
P000872,U01107,2023-10-11,76.52,USD
P000873,U01109,12-24-2023,28.55,USD
P000874,U01109,13/01/2024,29.0,USD
P000875,U01113,08-16-2023,28.57,USD
P000876,U01113,11-22-2023,30.19,USD
P000877,U01113,2023-08-21,28.81,USD
P000878,U01113,11-14-2023,28.63,USD
P000879,U01113,21/01/2024,28.46,USD
P000880,U01113,2023-09-04,29.59,USD
P000881,U01121,04-28-2023,79.07,GBP
P000882,U01121,05-09-2023,77.67,GBP
P000883,U01123,05-01-2024,75.48,USD
P000884,U01123,05-13-2024,79.99,USD
P000885,U01125,2023-02-08,28.96,USD
P000886,U01126,03-11-2023,82.74,USD
P000886,U01126,03-11-2023,82.74,USD
P000887,U01133,2023-05-06,0.0,USD
P000888,U01134,2023-12-07,75.38,NGN
P000889,U01134,2023-12-29,77.7,NGN
P000890,U01134,2024-03-15,79.0,NGN
P000891,U01135,06-01-2024,78.68,USD
P000892,U01143,2023-07-29,28.91,INR
P000893,U01143,2024-02-12,29.72,INR
P000894,U01143,11/10/2023,28.27,INR
P000895,U01143,2023-07-26,29.35,INR
P000896,U01143,2024-05-07,30.07,INR
P000897,U01143,11/01/2024,27.71,INR
P000898,U01143,2024-05-22,30.36,INR
P000899,U01143,11-26-2023,28.23,INR
P000900,U01143,01-15-2024,29.88,INR
P000901,U01143,2023-10-20,29.81,INR
P000902,U01143,19/12/2023,30.35,INR
P000903,U01147,2023-06-18,79.83,USD
P000904,U01150,02-06-2023,0.0,USD
P000905,U01156,06-17-2024,28.98,USD
P000906,U01160,2023-10-31,80.25,NGN
P000907,U01160,12-16-2023,79.47,NGN
P000908,U01160,16/01/2024,82.53,NGN
P000909,U01160,13/06/2024,75.51,NGN
P000910,U01160,2023-12-16,82.55,NGN
P000911,U01162,03/05/2024,28.63,USD
P000912,U01162,07/06/2024,30.21,USD
P000913,U01164,02-03-2024,30.42,NGN
P000914,U01164,08/08/2023,30.3,NGN
P000915,U01164,11-05-2023,28.92,NGN
P000916,U01164,16/11/2023,29.8,NGN
P000917,U01164,20/06/2023,30.18,NGN
P000918,U01164,21/08/2023,27.61$,NGN
P000919,U01164,03-24-2024,29.98,NGN
P000920,U01164,2023-05-03,29.91,NGN
P000921,U01164,03/08/2023,29.83,NGN
P000922,U01164,2024-02-21,28.85,NGN
P000923,U01164,09-23-2023,30.07,NGN
P000924,U01164,14/11/2023,30.41,NGN
P000925,U01164,21/04/2024,29.0,NGN
P000926,U01166,01/01/2024,29.92,USD
P000927,U01167,07-18-2023,28.19,GBP
P000928,U01167,2023-09-03,27.6,GBP
P000929,U01169,11-13-2023,75.68,USD
P000930,U01169,12-14-2023,77.56,USD
P000931,U01170,12-19-2023,78.69,USD
P000932,U01170,2023-10-22,75.43,USD
P000933,U01170,01-02-2024,80.17,USD
P000934,U01170,2023-10-05,81.34,USD
P000935,U01171,27/06/2024,28.71,GBP
P000935,U01171,27/06/2024,28.71,GBP
P000936,U01174,06-23-2024,80.58,INR
P000937,U01175,2024-05-18,79.15,USD
P000938,U01175,15/04/2024,81.82,USD
P000939,U01175,2024-02-18,77.58,USD
P000940,U01177,14/06/2023,81.3,GBP
P000941,U01177,2023-05-13,81.42,GBP
P000942,U01183,24/11/2023,29.29,NGN
P000943,U01184,2023-09-19,29.95,GBP
P000944,U01187,2023-12-26,28.1,EUR
P000945,U01187,2023-10-23,28.6,EUR
P000946,U01188,22/02/2024,75.74,USD
P000947,U01188,12-19-2023,82.22,USD
P000948,U01195,10-03-2023,27.91,USD
P000949,U01197,06-24-2023,75.76,USD
P000950,U01197,29/05/2023,82.34,USD
P000951,U01197,01/07/2023,78.23,USD
P000952,U01198,2023-12-13,27.96,EUR
P000953,U01198,2024-03-16,27.86,EUR
P000954,U01199,27/06/2023,28.07,NGN
P000955,U01200,03-29-2023,0.0,USD
P000956,U01200,05-08-2023,0.0,USD
