subscription_id,user_id,plan_type,start_date,end_date,status
S00001,U00001,free,2024-05-12,,active
S00002,U00002,free,2023-04-20,2023-07-19,canceled
S00003,U00003,free,2024/04/03,,active
S00004,U00004,pro,19/06/2023,2023-12-16,canceled
S00005,U00005,free,03-12-2024,,active
S00006,U00006,free,2023/06/22,06/07/2023,canceled
S00007,U00007,basic,06/05/2023,20/05/2023,canceled
S00008,U00008,free,2023/05/02,01/06/2023,canceled
S00009,U00009,free,2023-03-15,13/06/2023,canceled
S00010,U00010,free,05/02/2023,2023/02/19,canceled
S00011,U00011,free,23/10/2023,10-30-2023,canceled
S00012,U00012,free,03-24-2024,2024/03/31,canceled
S00013,U00013,free,01/07/2023,15/07/2023,canceled
S00014,U00014,free,2023-12-20,2023/12/27,canceled
S00015,U00015,free,2023/10/04,2023/10/11,canceled
S00016,U00016,free,18/04/2024,04-13-2024,canceled
S00017,U00017,free,2023-06-20,27/06/2023,canceled
S00018,U00018,basic,2023-06-29,2023-07-29,canceled
S00019,U00019,free,2023/07/27,03/08/2023,canceled
S00020,U00020,free,06-16-2023,06-15-2024,canceled
S00021,U00021,free,04-22-2023,2023-10-19,canceled
S00022,U00022,free,29/03/2024,2024/06/27,canceled
S00023,U00023,basic,2024/02/02,2024-02-09,canceled
S00024,U00024,basic,2023/03/29,03-28-2024,canceled
S00025,U00025,free,09/04/2024,04-23-2024,canceled
S00026,U00026,basic,16/02/2024,2024/05/16,canceled
S00027,U00027,pro,2024-06-13,,active
S00028,U00028,free,2023/08/17,16/09/2023,canceled
S00029,U00029,free,2023-07-25,08/08/2023,canceled
S00030,U00030,basic,05-02-2024,06-01-2024,canceled
S00031,U00031,free,02-17-2024,05-17-2024,canceled
S00032,U00032,free,18/01/2023,17/02/2023,canceled
S00033,U00033,free,2023-02-15,2024/02/15,canceled
S00034,U00034,free,2023/04/11,04-18-2023,canceled
S00035,U00035,pro,07-26-2023,,active
S00036,U00036,free,02-25-2024,10/03/2024,canceled
S00037,U00037,basic,09-01-2023,2023-09-08,canceled
S00038,U00038,pro,09/12/2023,2024/03/08,canceled
S00039,U00039,free,07-13-2023,2023-10-11,canceled
S00040,U00040,free,04-02-2024,,active
S00041,U00041,free,07/01/2023,2023-01-14,canceled
S00042,U00042,pro,28/06/2023,26/09/2023,canceled
S00043,U00043,free,05/02/2024,05-05-2024,canceled
S00044,U00044,free,19/03/2024,,active
S00045,U00045,free,2023-11-13,2023-12-13,canceled
S00046,U00046,free,10-03-2023,2024-01-01,canceled
S00047,U00047,free,2024-06-07,06-14-2024,canceled
S00048,U00048,free,10/11/2023,08/02/2024,canceled
S00049,U00049,free,05-31-2023,2023-06-14,canceled
S00050,U00050,free,25/11/2023,2023-12-02,canceled
S00051,U00051,free,02/03/2023,03-16-2023,canceled
S00052,U00052,free,2024-05-22,2024/06/21,canceled
S00053,U00053,free,2023-05-11,2024/05/10,canceled
S00054,U00054,free,11-09-2023,2023/11/16,canceled
S00055,U00055,free,2023/01/02,2023-04-02,canceled
S00056,U00056,free,2024/03/07,,active
S00057,U00057,free,2023/02/16,2023/05/17,canceled
S00058,U00058,free,09-01-2023,09-08-2023,canceled
S00059,U00059,free,01-28-2024,,active
S00060,U00060,free,2024/01/30,2024/02/06,canceled
S00061,U00061,pro,2023-11-11,09/05/2024,canceled
S00062,U00062,free,2024-04-28,,active
S00063,U00063,free,24/07/2023,23/08/2023,canceled
S00064,U00064,free,2023/11/05,2023/11/19,canceled
S00065,U00065,basic,2023/02/27,2023-05-28,canceled
S00066,U00066,free,24/02/2024,2024/03/25,canceled
S00067,U00067,free,09-30-2023,2023/10/07,canceled
S00068,U00068,free,2023-08-12,19/08/2023,canceled
S00069,U00069,basic,2024/05/24,2024/06/07,canceled
S00070,U00070,free,06-01-2024,,active
S00071,U00071,basic,2023-05-02,2023-10-29,canceled
S00072,U00072,free,2023-09-26,10-10-2023,canceled
S00073,U00073,free,2023-02-11,02-06-2023,canceled
S00074,U00074,pro,02-04-2023,2023/03/06,canceled
S00075,U00075,free,2024/03/05,19/03/2024,canceled
S00076,U00076,free,30/03/2023,2023/04/13,canceled
S00077,U00077,free,2023/04/28,27/04/2023,canceled
S00078,U00078,basic,2023/10/11,2023/10/25,canceled
S00079,U00079,pro,15/06/2024,,active
S00080,U00080,free,02/05/2023,06-01-2023,canceled
S00081,U00081,free,01-22-2023,29/01/2023,canceled
S00082,U00082,free,2024-06-06,,active
S00083,U00083,free,06/05/2023,2023-05-20,canceled
S00084,U00084,free,2023/02/02,02-02-2024,canceled
S00085,U00085,free,2023-06-28,2023/12/25,canceled
S00086,U00086,free,11-08-2023,2024-05-06,canceled
S00087,U00087,free,11-07-2023,2023/12/07,canceled
S00088,U00088,free,04-01-2023,04-15-2023,canceled
S00089,U00089,free,2023-01-31,03-02-2023,canceled
S00090,U00090,free,09-01-2023,09-08-2023,canceled
S00091,U00091,free,28/10/2023,2023-11-11,canceled
S00092,U00092,pro,01-04-2023,18/01/2023,canceled
S00093,U00093,basic,10-10-2023,2024-01-08,canceled
S00094,U00094,pro,2024/04/29,,active
S00095,U00095,basic,2024/01/30,,active
S00096,U00096,free,2023-11-09,11-16-2023,canceled
S00097,U00097,free,05-30-2023,2023/06/06,canceled
S00098,U00098,free,2024/04/25,2024/05/02,canceled
S00099,U00099,free,08-27-2023,2023/08/23,canceled
S00100,U00100,pro,12-30-2023,,active
S00101,U00101,pro,02-03-2024,,active
S00102,U00102,free,2023/08/10,2024/02/06,canceled
S00103,U00103,basic,03-16-2023,15/04/2023,canceled
S00104,U00104,basic,2023-04-25,2023-04-24,canceled
S00105,U00105,free,04-21-2024,28/04/2024,canceled
S00106,U00106,free,2024-03-23,30/03/2024,canceled
S00107,U00107,basic,09/07/2023,2023/07/23,canceled
S00108,U00108,pro,2023/11/29,2023-12-29,canceled
S00109,U00109,basic,02-10-2023,08-09-2023,canceled
S00110,U00110,free,04-14-2023,2023/04/28,canceled
S00111,U00111,pro,2024/03/02,,active
S00112,U00112,free,2023-07-12,2023/08/11,canceled
S00113,U00113,free,05-02-2024,2024/05/09,canceled
S00114,U00114,free,2023-08-10,2023/08/17,canceled
S00115,U00115,pro,02-24-2024,2024/02/23,canceled
S00116,U00116,free,2023/06/17,2024/06/16,canceled
S00117,U00117,free,28/02/2024,,active
S00118,U00118,free,11-25-2023,05-23-2024,canceled
S00119,U00119,free,01-06-2023,2023-01-13,canceled
S00120,U00120,free,23/11/2023,11-30-2023,canceled
S00121,U00121,free,01-15-2024,,active
S00122,U00122,free,2023/01/23,2023-04-23,canceled
S00123,U00123,free,2023/05/09,16/05/2023,canceled
S00124,U00124,free,2023-11-05,2024/02/03,canceled
S00125,U00125,free,2023-03-07,2023/03/21,canceled
S00126,U00126,free,24/05/2023,22/08/2023,canceled
S00127,U00127,basic,2023/06/14,2023-12-11,canceled
S00128,U00128,pro,2023-11-26,03/12/2023,canceled
S00129,U00129,free,2024-02-23,,active
S00130,U00130,free,2024-05-21,,active
S00131,U00131,free,29/04/2024,,active
S00132,U00132,free,03-16-2024,14/06/2024,canceled
S00133,U00133,pro,2023-10-14,04-11-2024,canceled
S00134,U00134,free,08/05/2023,08-06-2023,canceled
S00135,U00135,free,02/09/2023,2023/09/09,canceled
S00136,U00136,free,2023/06/05,06-04-2023,canceled
S00137,U00137,free,06-26-2024,,active
S00138,U00138,free,16/03/2024,2024-03-23,canceled
S00139,U00139,basic,05-30-2024,,active
S00140,U00140,free,01-10-2023,2023-02-09,canceled
S00141,U00141,basic,10/05/2024,,active
S00142,U00142,free,2023/12/05,2023/12/12,canceled
S00143,U00143,free,04-25-2024,,active
S00144,U00144,free,2023-12-29,2024/01/12,canceled
S00145,U00145,free,2023-09-08,,active
S00146,U00146,free,12-17-2023,2023/12/24,canceled
S00147,U00147,free,09-21-2023,2023-12-20,canceled
S00148,U00148,free,14/01/2024,2024/04/13,canceled
S00149,U00149,free,10/04/2024,10/05/2024,canceled
S00150,U00150,pro,07/02/2024,2024/02/21,canceled
S00151,U00151,free,01-16-2024,2024-01-23,canceled
S00152,U00152,free,17/05/2024,06-16-2024,canceled
S00153,U00153,pro,16/03/2023,30/03/2023,canceled
S00154,U00154,free,2023/04/06,2023/05/06,canceled
S00155,U00155,free,02-23-2024,08/03/2024,canceled
S00156,U00156,free,2023-08-03,30/01/2024,canceled
S00157,U00157,free,2023/03/20,2023-03-27,canceled
S00158,U00158,free,2023/10/09,2024-04-06,canceled
S00159,U00159,free,02/08/2023,29/07/2023,canceled
S00160,U00160,free,2024/06/25,,active
S00161,U00161,basic,2023/03/21,2023-09-17,canceled
S00162,U00162,free,2023/09/22,03-20-2024,canceled
S00163,U00163,basic,2023-03-30,03-29-2024,canceled
S00164,U00164,free,2023-02-28,29/05/2023,canceled
S00165,U00165,basic,2023-04-29,10-26-2023,canceled
S00166,U00166,free,13/07/2023,08-12-2023,canceled
S00167,U00167,basic,17/04/2024,24/04/2024,canceled
S00168,U00168,pro,30/11/2023,28/02/2024,canceled
S00169,U00169,free,2024-04-19,2024-05-19,canceled
S00170,U00170,free,2024/05/01,2024-05-31,canceled
S00171,U00171,basic,05-04-2023,2024/05/03,canceled
S00172,U00172,free,04/05/2023,2023-10-31,canceled
S00173,U00173,pro,08-16-2023,30/08/2023,canceled
S00174,U00174,pro,2023/12/19,02/01/2024,canceled
S00175,U00175,free,2024/04/30,05-30-2024,canceled
S00176,U00176,pro,2023/04/02,2024/04/01,canceled
S00177,U00177,basic,07-26-2023,25/08/2023,canceled
S00178,U00178,free,2023/05/10,2023/08/08,canceled
S00179,U00179,free,12-10-2023,17/12/2023,canceled
S00180,U00180,free,2024-06-28,,active
S00181,U00181,free,12-08-2023,07/01/2024,canceled
S00182,U00182,free,08/09/2023,06/03/2024,canceled
S00183,U00183,free,06-27-2023,2024/06/26,canceled
S00184,U00184,free,06-06-2024,,active
S00185,U00185,pro,05-17-2023,15/08/2023,canceled
S00186,U00186,free,2023/08/05,19/08/2023,canceled
S00187,U00187,basic,11-14-2023,11-21-2023,canceled
S00188,U00188,free,2023/05/06,05/05/2024,canceled
S00189,U00189,free,2023-11-08,06/02/2024,canceled
S00190,U00190,free,2023-12-21,01-20-2024,canceled
S00191,U00191,free,11-12-2023,10/02/2024,canceled
S00192,U00192,free,2023/11/17,2023-12-17,canceled
S00193,U00193,free,05-01-2024,2024-05-31,canceled
S00194,U00194,free,2023-07-29,01-25-2024,canceled
S00195,U00195,free,2024-06-27,,active
S00196,U00196,free,05-05-2023,2023/08/03,canceled
S00197,U00197,free,16/03/2023,2024/03/15,canceled
S00198,U00198,basic,01-25-2024,2024/02/08,canceled
S00199,U00199,free,01-04-2024,2024/04/03,canceled
S00200,U00200,free,27/10/2023,26/11/2023,canceled
S00201,U00201,free,02-25-2023,03-11-2023,canceled
S00202,U00202,free,01/02/2024,2024-03-02,canceled
S00203,U00203,free,05-29-2024,,active
S00204,U00204,free,2023-09-27,,active
S00205,U00205,free,2023/12/21,01-20-2024,canceled
S00206,U00206,free,03-21-2024,2024-04-20,canceled
S00207,U00207,free,05/02/2023,2023-02-12,canceled
S00208,U00208,free,10-29-2023,11-05-2023,canceled
S00209,U00209,free,30/01/2023,2023-02-06,canceled
S00210,U00210,basic,12-21-2023,18/06/2024,canceled
S00211,U00211,pro,05-25-2024,,active
S00212,U00212,free,09-22-2023,06/10/2023,canceled
S00213,U00213,free,2023-09-14,28/09/2023,canceled
S00214,U00214,free,2024/01/17,2024-01-24,canceled
S00215,U00215,free,2023/03/20,2023-03-27,canceled
S00216,U00216,free,25/01/2023,02-08-2023,canceled
S00217,U00217,free,06/10/2023,04/01/2024,canceled
S00218,U00218,basic,2024/06/14,2024-06-28,canceled
S00219,U00219,free,2023-03-03,2023/03/10,canceled
S00220,U00220,free,2024-01-22,,active
S00221,U00221,free,2023-12-26,2024-01-02,canceled
S00222,U00222,free,06-03-2024,10/06/2024,canceled
S00223,U00223,free,02-27-2023,08-26-2023,canceled
S00224,U00224,free,2024-06-22,,active
S00225,U00225,free,10-28-2023,26/01/2024,canceled
S00226,U00226,free,2023/10/26,02/11/2023,canceled
S00227,U00227,free,2024-06-29,,active
S00228,U00228,free,03/08/2023,,active
S00229,U00229,free,2024/04/17,24/04/2024,canceled
S00230,U00230,free,04-18-2024,2024-05-02,canceled
S00231,U00231,free,2024/05/28,06-11-2024,canceled
S00232,U00232,free,2024-05-03,17/05/2024,canceled
S00233,U00233,basic,2023/01/27,2024-01-27,canceled
S00234,U00234,free,2023-09-12,2023-09-26,canceled
S00235,U00235,free,2023-04-14,13/07/2023,canceled
S00236,U00236,free,2023-05-08,2023/05/22,canceled
S00237,U00237,free,2023/04/01,06-30-2023,canceled
S00238,U00238,free,03-10-2024,2024/04/09,canceled
S00239,U00239,free,26/07/2023,2023/08/02,canceled
S00240,U00240,free,2024/06/06,2024-06-13,canceled
S00241,U00241,basic,10/05/2024,,active
S00242,U00242,free,2024/01/04,2024/01/11,canceled
S00243,U00243,free,2024-04-20,05-20-2024,canceled
S00244,U00244,pro,2024-06-28,,active
S00245,U00245,free,2023-04-20,2023-10-17,canceled
S00246,U00246,free,2023/04/03,30/09/2023,canceled
S00247,U00247,free,2023/12/20,2024-03-19,canceled
S00248,U00248,basic,03/04/2024,,active
S00249,U00249,free,05-24-2024,2024/06/07,canceled
S00250,U00250,basic,07/08/2023,2023-09-06,canceled
S00251,U00251,basic,07-04-2023,,active
S00252,U00252,free,2024-02-28,03-13-2024,canceled
S00253,U00253,basic,2023-11-06,2023-12-06,canceled
S00254,U00254,pro,2023-03-13,06-11-2023,canceled
S00255,U00255,free,2023-02-10,03-12-2023,canceled
S00256,U00256,basic,03-16-2024,2024/03/23,canceled
S00257,U00257,free,2024/04/01,04-08-2024,canceled
S00258,U00258,free,2024/04/09,04-23-2024,canceled
S00259,U00259,free,05-18-2023,14/11/2023,canceled
S00260,U00260,free,2023-01-13,13/01/2024,canceled
S00261,U00261,free,2023/01/15,2023-01-22,canceled
S00262,U00262,free,11-24-2023,05-22-2024,canceled
S00263,U00263,free,2024/01/07,01-21-2024,canceled
S00264,U00264,basic,2023/12/20,19/01/2024,canceled
S00265,U00265,free,2023/12/24,,active
S00266,U00266,pro,2023/11/10,05-08-2024,canceled
S00267,U00267,free,2023/12/11,2024/03/10,canceled
S00268,U00268,free,02-21-2023,05-22-2023,canceled
S00269,U00269,basic,2023-10-24,21/04/2024,canceled
S00270,U00270,free,2023/03/30,2023/04/06,canceled
S00271,U00271,free,02/12/2023,16/12/2023,canceled
S00272,U00272,free,2023-12-19,02/01/2024,canceled
S00273,U00273,pro,09-01-2023,2024-02-28,canceled
S00274,U00274,free,10-18-2023,,active
S00275,U00275,basic,14/03/2023,12/06/2023,canceled
S00276,U00276,free,2023/04/14,05-14-2023,canceled
S00277,U00277,basic,06-04-2024,,active
S00278,U00278,free,2023/02/11,12/05/2023,canceled
S00279,U00279,free,2023/03/22,2023/03/29,canceled
S00280,U00280,free,03-10-2024,2024-03-17,canceled
S00281,U00281,free,03-22-2024,20/06/2024,canceled
S00282,U00282,free,2024-04-19,,active
S00283,U00283,basic,08-30-2023,26/02/2024,canceled
S00284,U00284,free,09/11/2023,2024-02-07,canceled
S00285,U00285,pro,03-14-2023,03-21-2023,canceled
S00286,U00286,free,2023/11/23,07/12/2023,canceled
S00287,U00287,free,2023/09/02,2023-09-16,canceled
S00288,U00288,free,2023-02-11,2024/02/11,canceled
S00289,U00289,basic,2024/06/09,,active
S00290,U00290,free,2024-02-04,2024-05-04,canceled
S00291,U00291,free,2023-08-09,07/11/2023,canceled
S00292,U00292,free,16/02/2024,2024-03-01,canceled
S00293,U00293,free,2023/02/14,14/02/2024,canceled
S00294,U00294,free,07-19-2023,18/08/2023,canceled
S00295,U00295,free,24/01/2024,,active
S00296,U00296,free,2023-10-24,31/10/2023,canceled
S00297,U00297,pro,2023/02/04,2023-08-03,canceled
S00298,U00298,free,09-03-2023,2024/03/01,canceled
S00299,U00299,free,2023/04/01,2023-04-08,canceled
S00300,U00300,basic,26/04/2024,,active
S00301,U00301,basic,12-06-2023,,active
S00302,U00302,free,03/04/2024,17/04/2024,canceled
S00303,U00303,pro,2023/08/30,26/02/2024,canceled
S00304,U00304,pro,11/05/2023,2023/06/10,canceled
S00305,U00305,free,01/10/2023,2023/12/30,canceled
S00306,U00306,pro,2023/07/05,2023/10/03,canceled
S00307,U00307,basic,05-16-2023,2023-05-23,canceled
S00308,U00308,pro,2023-05-19,2024-05-18,canceled
S00309,U00309,free,15/03/2024,03-29-2024,canceled
S00310,U00310,pro,2024/05/04,11/05/2024,canceled
S00311,U00311,pro,25/08/2023,2023/09/08,canceled
S00312,U00312,free,08-31-2023,09-07-2023,canceled
S00313,U00313,pro,03-02-2023,03-01-2024,canceled
S00314,U00314,free,2023/12/26,09/01/2024,canceled
S00315,U00315,free,03-20-2024,2024/03/27,canceled
S00316,U00316,free,2024-01-26,2024/02/09,canceled
S00317,U00317,free,09/03/2023,2023-04-08,canceled
S00318,U00318,free,07-12-2023,19/07/2023,canceled
S00319,U00319,free,12/10/2023,2023-11-11,canceled
S00320,U00320,free,09-20-2023,2023-09-27,canceled
S00321,U00321,free,2023-02-23,02-23-2024,canceled
S00322,U00322,pro,2023/08/09,2023/08/16,canceled
S00323,U00323,free,09-17-2023,2023/09/16,canceled
S00324,U00324,pro,26/05/2024,,active
S00325,U00325,free,2023-03-07,2023-09-03,canceled
S00326,U00326,free,12/04/2023,26/04/2023,canceled
S00327,U00327,pro,2024/05/17,31/05/2024,canceled
S00328,U00328,basic,14/01/2024,,active
S00329,U00329,free,21/03/2023,09-17-2023,canceled
S00330,U00330,free,2024/05/29,,active
S00331,U00331,free,2024-04-09,2024/05/09,canceled
S00332,U00332,free,2023-05-10,2023/06/09,canceled
S00333,U00333,free,11/10/2023,,active
S00334,U00334,pro,04-21-2024,,active
S00335,U00335,free,29/08/2023,,active
S00336,U00336,pro,2024/06/12,,active
S00337,U00337,free,2023/10/24,2023-11-23,canceled
S00338,U00338,free,06-06-2023,09-04-2023,canceled
S00339,U00339,free,10/02/2023,2023/05/11,canceled
S00340,U00340,basic,02-06-2024,02-13-2024,canceled
S00341,U00341,free,05-06-2023,08-04-2023,canceled
S00342,U00342,pro,2023-12-06,01-05-2024,canceled
S00343,U00343,free,2023/07/03,10/07/2023,canceled
S00344,U00344,free,04-25-2023,2023/10/22,canceled
S00345,U00345,free,2024/06/26,,active
S00346,U00346,basic,15/12/2023,2023-12-14,canceled
S00347,U00347,pro,2023/07/18,16/10/2023,canceled
S00348,U00348,basic,30/03/2023,2023/04/29,canceled
S00349,U00349,free,2023/04/05,2023/04/12,canceled
S00350,U00350,free,2023-02-19,2023/03/21,canceled
S00351,U00351,free,2023/07/07,2023/10/05,canceled
S00352,U00352,free,2023/01/04,2023-04-04,canceled
S00353,U00353,free,28/05/2023,2023/06/27,canceled
S00354,U00354,basic,02-24-2023,2023-03-03,canceled
S00355,U00355,basic,11-01-2023,,active
S00356,U00356,free,2023/10/18,25/10/2023,canceled
S00357,U00357,free,2023/02/22,03-24-2023,canceled
S00358,U00358,free,03-28-2024,2024/06/26,canceled
S00359,U00359,pro,2023/09/20,2024-03-18,canceled
S00360,U00360,free,2024/06/24,,active
S00361,U00361,pro,2023-12-23,2024-01-22,canceled
S00362,U00362,free,2024-02-06,2024-02-20,canceled
S00363,U00363,free,2023/05/29,28/06/2023,canceled
S00364,U00364,free,05-25-2024,,active
S00365,U00365,basic,2023-12-08,,active
S00366,U00366,basic,2023-05-27,2023-11-23,canceled
S00367,U00367,basic,2024-02-10,,active
S00368,U00368,free,03/03/2023,04-02-2023,canceled
S00369,U00369,basic,09/09/2023,2023-12-08,canceled
S00370,U00370,free,2023/11/28,26/05/2024,canceled
S00371,U00371,pro,12-14-2023,01-13-2024,canceled
S00372,U00372,free,08-02-2023,2023/08/16,canceled
S00373,U00373,free,10/10/2023,2023/10/17,canceled
S00374,U00374,free,01-26-2023,2023/02/09,canceled
S00375,U00375,pro,2023-01-29,2023-01-24,canceled
S00376,U00376,free,2023-10-10,,active
S00377,U00377,free,2024-06-11,,active
S00378,U00378,pro,2023/03/03,08-30-2023,canceled
S00379,U00379,free,11-08-2023,02-06-2024,canceled
S00380,U00380,free,2023/03/31,30/03/2024,canceled
S00381,U00381,free,2024/02/07,,active
S00382,U00382,free,2023-06-18,07-02-2023,canceled
S00383,U00383,free,06-06-2023,20/06/2023,canceled
S00384,U00384,free,2023-05-17,16/06/2023,canceled
S00385,U00385,free,06-15-2024,,active
S00386,U00386,basic,02-22-2023,03-08-2023,canceled
S00387,U00387,free,2023/05/04,2023-05-11,canceled
S00388,U00388,free,07/04/2023,14/04/2023,canceled
S00389,U00389,free,2024/03/21,19/06/2024,canceled
S00390,U00390,free,02-21-2023,28/02/2023,canceled
S00391,U00391,free,2024-02-13,2024-05-13,canceled
S00392,U00392,free,2024/05/13,06-12-2024,canceled
S00393,U00393,free,2023/04/12,2023/07/11,canceled
S00394,U00394,pro,13/04/2023,2024/04/12,canceled
S00395,U00395,free,07/02/2024,2024-03-08,canceled
S00396,U00396,free,2023-09-08,12-07-2023,canceled
S00397,U00397,free,2023-03-04,03-11-2023,canceled
S00398,U00398,free,04-22-2024,05-06-2024,canceled
S00399,U00399,free,04-04-2024,2024-04-11,canceled
S00400,U00400,pro,2024-03-13,2024-04-12,canceled
S00401,U00401,free,05-13-2024,,active
S00402,U00402,basic,21/03/2024,,active
S00403,U00403,basic,2024/01/24,,active
S00404,U00404,free,2024/05/15,2024/05/29,canceled
S00405,U00405,free,2024/06/19,,active
S00406,U00406,basic,01-14-2024,2024-01-28,canceled
S00407,U00407,free,31/08/2023,2023-11-29,canceled
S00408,U00408,basic,08/11/2023,,active
S00409,U00409,pro,2023-09-06,2024/03/04,canceled
S00410,U00410,basic,2023-12-18,2024/01/17,canceled
S00411,U00411,free,2024/04/22,05-06-2024,canceled
S00412,U00412,free,01-23-2024,,active
S00413,U00413,free,23/01/2024,2024/04/22,canceled
S00414,U00414,free,2023/07/07,07-14-2023,canceled
S00415,U00415,free,2023-02-09,2023/02/23,canceled
S00416,U00416,free,2023/08/10,2023/11/08,canceled
S00417,U00417,pro,2023-10-13,2023/10/20,canceled
S00418,U00418,free,11-09-2023,2024-02-07,canceled
S00419,U00419,free,10-11-2023,09/01/2024,canceled
S00420,U00420,basic,30/04/2024,14/05/2024,canceled
S00421,U00421,free,2023/03/17,2023/09/13,canceled
S00422,U00422,free,2023-04-24,23/04/2024,canceled
S00423,U00423,free,02-06-2023,2023/02/20,canceled
S00424,U00424,pro,26/04/2023,2023-10-23,canceled
S00425,U00425,basic,04/11/2023,2023-11-11,canceled
S00426,U00426,basic,01-31-2024,,active
S00427,U00427,basic,2024/03/14,,active
S00428,U00428,free,2023/09/17,,active
S00429,U00429,pro,2024/06/19,2024-06-26,canceled
S00430,U00430,free,2023/07/26,2023/10/24,canceled
S00431,U00431,free,2023-02-11,2023/05/12,canceled
S00432,U00432,free,2023-04-26,23/10/2023,canceled
S00433,U00433,free,21/03/2024,,active
S00434,U00434,basic,2023-04-29,26/10/2023,canceled
S00435,U00435,pro,2024/01/27,26/02/2024,canceled
S00436,U00436,pro,2023-04-18,18/05/2023,canceled
S00437,U00437,free,31/05/2024,2024/06/14,canceled
S00438,U00438,basic,2023-05-17,13/11/2023,canceled
S00439,U00439,free,06-14-2024,21/06/2024,canceled
S00440,U00440,free,2023/06/01,06-08-2023,canceled
S00441,U00441,free,01-16-2024,2024-04-15,canceled
S00442,U00442,free,2023/08/13,2023/08/27,canceled
S00443,U00443,free,2023/09/26,03-24-2024,canceled
S00444,U00444,free,2023-03-04,2023-03-11,canceled
S00445,U00445,pro,2024-01-08,,active
S00446,U00446,basic,2024-03-12,2024-03-26,canceled
S00447,U00447,free,04-23-2024,05-23-2024,canceled
S00448,U00448,free,02-10-2023,2023-02-17,canceled
S00449,U00449,free,2023-02-10,2024/02/10,canceled
S00450,U00450,free,2023/03/22,2023-03-29,canceled
S00451,U00451,free,2023-05-05,2023/05/12,canceled
S00452,U00452,free,2024-05-22,2024-06-05,canceled
S00453,U00453,free,11/08/2023,2023/08/25,canceled
S00454,U00454,pro,2024/05/23,,active
S00455,U00455,basic,2023/05/18,2023-11-14,canceled
S00456,U00456,free,22/01/2024,2024-01-29,canceled
S00457,U00457,basic,2023/09/18,2024/03/16,canceled
S00458,U00458,basic,2023-03-30,2023-04-29,canceled
S00459,U00459,free,05-27-2023,06-10-2023,canceled
S00460,U00460,basic,06-02-2023,11-29-2023,canceled
S00461,U00461,free,2023-11-29,29/12/2023,canceled
S00462,U00462,free,05/06/2024,,active
S00463,U00463,pro,08/01/2023,01-08-2024,canceled
S00464,U00464,free,07-29-2023,10-27-2023,canceled
S00465,U00465,free,2024-06-23,,active
S00466,U00466,free,05/05/2023,2023/08/03,canceled
S00467,U00467,free,2024/06/22,,active
S00468,U00468,free,04-22-2024,2024-04-21,canceled
S00469,U00469,free,2024-04-15,04-22-2024,canceled
S00470,U00470,pro,22/02/2024,03-23-2024,canceled
S00471,U00471,free,06-14-2024,21/06/2024,canceled
S00472,U00472,basic,2024-02-15,,active
S00473,U00473,free,17/02/2023,03-03-2023,canceled
S00474,U00474,pro,2024-03-22,,active
S00475,U00475,free,2024/02/09,,active
S00476,U00476,basic,29/03/2024,,active
S00477,U00477,pro,15/02/2023,08-14-2023,canceled
S00478,U00478,free,2023/12/21,20/01/2024,canceled
S00479,U00479,free,2024-06-06,,active
S00480,U00480,free,2023/01/04,04-04-2023,canceled
S00481,U00481,free,2024/06/28,,active
S00482,U00482,free,03/01/2024,2024-02-02,canceled
S00483,U00483,free,05-16-2024,15/06/2024,canceled
S00484,U00484,free,06-15-2024,,active
S00485,U00485,free,04-03-2023,2023/04/10,canceled
S00486,U00486,free,2023/06/22,2023/07/22,canceled
S00487,U00487,free,2024/02/28,03-13-2024,canceled
S00488,U00488,free,2023-07-13,07-20-2023,canceled
S00489,U00489,free,31/03/2023,04-30-2023,canceled
S00490,U00490,free,06/07/2023,07-20-2023,canceled
S00491,U00491,basic,14/12/2023,01-13-2024,canceled
S00492,U00492,basic,07-10-2023,,active
S00493,U00493,free,2023/02/14,2023/02/28,canceled
S00494,U00494,pro,2024/04/11,18/04/2024,canceled
S00495,U00495,free,2023/08/25,2023/11/23,canceled
S00496,U00496,free,17/02/2023,2023/03/03,canceled
S00497,U00497,free,05-03-2024,10/05/2024,canceled
S00498,U00498,pro,02-06-2023,05-07-2023,canceled
S00499,U00499,free,02-13-2024,05-13-2024,canceled
S00500,U00500,free,04-28-2023,25/10/2023,canceled
S00501,U00501,free,2023/07/09,,active
S00502,U00502,pro,2023/12/26,,active
S00503,U00503,free,2024-03-08,03-22-2024,canceled
S00504,U00504,free,2023-07-20,2023/08/19,canceled
S00505,U00505,free,13/03/2023,12/03/2024,canceled
S00506,U00506,free,30/07/2023,2023-08-06,canceled
S00507,U00507,free,2023/02/27,13/03/2023,canceled
S00508,U00508,free,08/01/2024,22/01/2024,canceled
S00509,U00509,pro,15/06/2023,2023/09/13,canceled
S00510,U00510,free,06-09-2023,2023/07/09,canceled
S00511,U00511,free,08-08-2023,22/08/2023,canceled
S00512,U00512,basic,08-29-2023,2023-11-27,canceled
S00513,U00513,free,2023/12/29,01-12-2024,canceled
S00514,U00514,free,2023/06/07,2023/06/21,canceled
S00515,U00515,free,2024-03-14,2024/03/21,canceled
S00516,U00516,free,2023-01-13,01-27-2023,canceled
S00517,U00517,basic,2023/08/20,,active
S00518,U00518,pro,10-25-2023,2023-11-08,canceled
S00519,U00519,free,2023-07-19,2023/08/02,canceled
S00520,U00520,free,2023/12/26,03-25-2024,canceled
S00521,U00521,pro,03-01-2024,08/03/2024,canceled
S00522,U00522,basic,2024/02/12,12/05/2024,canceled
S00523,U00523,free,2023-01-06,2023-07-05,canceled
S00524,U00524,free,2023-02-22,2023-03-24,canceled
S00525,U00525,basic,16/02/2023,2023-05-17,canceled
S00526,U00526,free,2024-05-27,,active
S00527,U00527,free,2023/01/11,2023-01-25,canceled
S00528,U00528,basic,2024-02-21,2024-05-21,canceled
S00529,U00529,free,20/05/2023,2023-06-03,canceled
S00530,U00530,pro,30/05/2023,26/11/2023,canceled
S00531,U00531,free,29/07/2023,05/08/2023,canceled
S00532,U00532,pro,2023-03-15,14/03/2024,canceled
S00533,U00533,free,2023/02/13,2023-02-20,canceled
S00534,U00534,free,2023-03-06,03-13-2023,canceled
S00535,U00535,free,2024-03-15,2024/03/29,canceled
S00536,U00536,basic,2023/06/30,07-14-2023,canceled
S00537,U00537,basic,2023/08/01,08-15-2023,canceled
S00538,U00538,free,02/09/2023,2023/10/02,canceled
S00539,U00539,free,03-03-2023,2024-03-02,canceled
S00540,U00540,free,31/10/2023,2024-01-29,canceled
S00541,U00541,free,20/04/2023,2023-04-27,canceled
S00542,U00542,basic,01-26-2024,,active
S00543,U00543,free,12-07-2023,2024/03/06,canceled
S00544,U00544,basic,11/09/2023,,active
S00545,U00545,free,17/01/2024,,active
S00546,U00546,pro,12-04-2023,2024/06/01,canceled
S00547,U00547,free,27/04/2024,2024-05-04,canceled
S00548,U00548,free,23/10/2023,,active
S00549,U00549,free,03-13-2023,2023/03/20,canceled
S00550,U00550,free,07-29-2023,05/08/2023,canceled
S00551,U00551,free,2024/03/09,,active
S00552,U00552,free,2023/01/22,2023/02/05,canceled
S00553,U00553,free,2023-10-29,2023/11/12,canceled
S00554,U00554,basic,08/03/2023,03-07-2024,canceled
S00555,U00555,free,04-18-2023,2023/05/02,canceled
S00556,U00556,free,26/04/2023,2023/05/26,canceled
S00557,U00557,free,2023/11/24,12-01-2023,canceled
S00558,U00558,free,05-01-2024,,active
S00559,U00559,free,2023-12-23,2024/03/22,canceled
S00560,U00560,pro,26/04/2024,,active
S00561,U00561,basic,2023/12/02,05-30-2024,canceled
S00562,U00562,basic,23/08/2023,2024/02/19,canceled
S00563,U00563,free,2024-01-08,,active
S00564,U00564,basic,08-17-2023,31/08/2023,canceled
S00565,U00565,free,2023-09-13,,active
S00566,U00566,free,2023-03-30,2023/06/28,canceled
S00567,U00567,free,2024/06/13,,active
S00568,U00568,free,06-13-2023,2023/07/13,canceled
S00569,U00569,free,16/11/2023,05-14-2024,canceled
S00570,U00570,free,07-07-2023,,active
S00571,U00571,free,2023/10/20,2023/10/19,canceled
S00572,U00572,basic,30/03/2024,28/06/2024,canceled
S00573,U00573,free,27/02/2024,28/03/2024,canceled
S00574,U00574,free,2023/05/12,05-19-2023,canceled
S00575,U00575,free,09-17-2023,2023-09-24,canceled
S00576,U00576,free,2024/02/01,15/02/2024,canceled
S00577,U00577,free,2023-12-13,2023-12-20,canceled
S00578,U00578,free,2023/09/27,03-25-2024,canceled
S00579,U00579,free,11-21-2023,12-21-2023,canceled
S00580,U00580,free,09-29-2023,2023-12-28,canceled
S00581,U00581,basic,09/02/2024,2024/02/16,canceled
S00582,U00582,free,12-07-2023,04/06/2024,canceled
S00583,U00583,free,24/02/2023,2023/05/25,canceled
S00584,U00584,free,01-20-2023,2024-01-20,canceled
S00585,U00585,basic,2024/03/06,2024/04/05,canceled
S00586,U00586,free,2023-12-25,2024/01/08,canceled
S00587,U00587,basic,26/05/2023,2023-11-22,canceled
S00588,U00588,free,23/01/2023,2023/02/06,canceled
S00589,U00589,basic,04/04/2024,,active
S00590,U00590,free,11/06/2023,2023-09-09,canceled
S00591,U00591,pro,25/03/2024,,active
S00592,U00592,free,13/09/2023,2023-10-13,canceled
S00593,U00593,basic,06-06-2024,,active
S00594,U00594,pro,04-10-2024,,active
S00595,U00595,free,30/09/2023,2023/12/29,canceled
S00596,U00596,free,07/06/2024,06-21-2024,canceled
S00597,U00597,free,06-06-2024,,active
S00598,U00598,pro,2023/08/28,24/02/2024,canceled
S00599,U00599,pro,22/11/2023,20/05/2024,canceled
S00600,U00600,free,11-25-2023,25/12/2023,canceled
S00601,U00601,basic,03-08-2024,,active
S00602,U00602,free,05-28-2023,2023-11-24,canceled
S00603,U00603,free,08/10/2023,2023/10/15,canceled
S00604,U00604,free,10-28-2023,,active
S00605,U00605,free,2023-11-16,23/11/2023,canceled
S00606,U00606,pro,01-15-2024,,active
S00607,U00607,pro,2023/06/23,2024-06-22,canceled
S00608,U00608,free,2024/02/24,2024/03/25,canceled
S00609,U00609,free,2024/03/17,31/03/2024,canceled
S00610,U00610,free,03-21-2024,2024-06-19,canceled
S00611,U00611,free,02-26-2024,2024/03/27,canceled
S00612,U00612,basic,02-29-2024,2024-03-30,canceled
S00613,U00613,free,2023/01/28,04/02/2023,canceled
S00614,U00614,pro,2023-12-09,2024-06-06,canceled
S00615,U00615,free,2023/06/14,06-21-2023,canceled
S00616,U00616,pro,2024-04-21,,active
S00617,U00617,free,2023/02/17,03/03/2023,canceled
S00618,U00618,basic,2024/04/10,,active
S00619,U00619,free,2024-06-13,2024-06-12,canceled
S00620,U00620,free,02-18-2023,2024/02/18,canceled
S00621,U00621,basic,2023/07/13,2024/01/09,canceled
S00622,U00622,free,2023/04/21,28/04/2023,canceled
S00623,U00623,basic,2023-10-19,2024/01/17,canceled
S00624,U00624,free,11/11/2023,2023-12-11,canceled
S00625,U00625,pro,2023-12-20,19/01/2024,canceled
S00626,U00626,free,15/03/2023,22/03/2023,canceled
S00627,U00627,free,11-06-2023,2024-05-04,canceled
S00628,U00628,free,10/09/2023,2023-09-17,canceled
S00629,U00629,free,2024/03/17,,active
S00630,U00630,free,06/02/2023,05-07-2023,canceled
S00631,U00631,free,05/05/2023,01/11/2023,canceled
S00632,U00632,free,06-07-2023,06/06/2024,canceled
S00633,U00633,free,05-06-2023,06-05-2023,canceled
S00634,U00634,free,2023/07/14,07-28-2023,canceled
S00635,U00635,pro,10/02/2023,05-11-2023,canceled
S00636,U00636,basic,2023/12/02,30/05/2024,canceled
S00637,U00637,pro,02/01/2023,2024-01-02,canceled
S00638,U00638,free,2024-02-08,2024/03/09,canceled
S00639,U00639,free,06-24-2024,,active
S00640,U00640,free,2024/01/07,21/01/2024,canceled
S00641,U00641,pro,2023/03/22,04-05-2023,canceled
S00642,U00642,free,2023-10-26,01-24-2024,canceled
S00643,U00643,pro,02-23-2023,25/03/2023,canceled
S00644,U00644,basic,2023/12/10,,active
S00645,U00645,free,16/11/2023,30/11/2023,canceled
S00646,U00646,free,11/03/2023,06-09-2023,canceled
S00647,U00647,free,04-03-2024,,active
S00648,U00648,pro,07-14-2023,13/08/2023,canceled
S00649,U00649,basic,03-05-2024,,active
S00650,U00650,pro,22/06/2024,2024-06-29,canceled
S00651,U00651,basic,2024/02/07,,active
S00652,U00652,basic,18/08/2023,,active
S00653,U00653,free,2023/10/29,2024-01-27,canceled
S00654,U00654,free,2024/02/15,,active
S00655,U00655,basic,2023/04/15,2023-07-14,canceled
S00656,U00656,pro,02/03/2024,,active
S00657,U00657,free,2023/02/27,2023-08-26,canceled
S00658,U00658,free,2023-01-31,14/02/2023,canceled
S00659,U00659,free,04/05/2024,2024/05/18,canceled
S00660,U00660,pro,2023/03/08,2023/06/06,canceled
S00661,U00661,free,2023-08-04,09-03-2023,canceled
S00662,U00662,free,2023/05/03,2023-05-10,canceled
S00663,U00663,free,2023-08-29,2023/09/28,canceled
S00664,U00664,pro,2023/02/14,28/02/2023,canceled
S00665,U00665,free,2023-12-20,01-03-2024,canceled
S00666,U00666,pro,2023/05/19,05-18-2024,canceled
S00667,U00667,free,2024-06-30,,active
S00668,U00668,free,22/07/2023,20/10/2023,canceled
S00669,U00669,pro,2023/01/25,2024/01/25,canceled
S00670,U00670,pro,2023/07/26,2023/08/09,canceled
S00671,U00671,free,2023-10-07,04-04-2024,canceled
S00672,U00672,basic,2023-05-03,2023/05/10,canceled
S00673,U00673,free,28/06/2023,2023/07/12,canceled
S00674,U00674,free,01-12-2023,2023-02-11,canceled
S00675,U00675,pro,2023-10-25,2024/04/22,canceled
S00676,U00676,free,22/11/2023,22/12/2023,canceled
S00677,U00677,free,2024/03/20,27/03/2024,canceled
S00678,U00678,free,05-20-2023,2023/05/27,canceled
S00679,U00679,free,2023/12/28,2024-01-04,canceled
S00680,U00680,basic,2023/09/13,09-27-2023,canceled
S00681,U00681,free,10-14-2023,11/10/2023,canceled
S00682,U00682,free,12-29-2023,2024/01/05,canceled
S00683,U00683,free,02-29-2024,24/02/2024,canceled
S00684,U00684,free,16/11/2023,02-14-2024,canceled
S00685,U00685,basic,2024-05-08,,active
S00686,U00686,free,04/01/2023,03/02/2023,canceled
S00687,U00687,basic,03-22-2023,03-29-2023,canceled
S00688,U00688,basic,18/01/2024,17/04/2024,canceled
S00689,U00689,free,03-16-2023,03-30-2023,canceled
S00690,U00690,free,2024/06/30,,active
S00691,U00691,free,03-29-2024,,active
S00692,U00692,basic,28/02/2023,2023-03-30,canceled
S00693,U00693,free,30/05/2024,2024-06-29,canceled
S00694,U00694,free,11-04-2023,2023/11/18,canceled
S00695,U00695,free,2023/12/18,2023-12-25,canceled
S00696,U00696,free,04-01-2024,01/05/2024,canceled
S00697,U00697,basic,09-03-2023,17/09/2023,canceled
S00698,U00698,free,26/12/2023,,active
S00699,U00699,free,25/06/2024,,active
S00700,U00700,free,04-26-2023,07-25-2023,canceled
S00701,U00701,free,2023/05/18,14/11/2023,canceled
S00702,U00702,pro,03-16-2023,2023-04-15,canceled
S00703,U00703,free,2023/01/11,2023-01-18,canceled
S00704,U00704,pro,18/10/2023,,active
S00705,U00705,free,28/03/2024,2024/04/11,canceled
S00706,U00706,free,2023-02-22,2023/05/23,canceled
S00707,U00707,free,2023/03/14,21/03/2023,canceled
S00708,U00708,pro,25/12/2023,22/06/2024,canceled
S00709,U00709,basic,2023/11/05,2024-05-03,canceled
S00710,U00710,free,2023-05-17,16/05/2024,canceled
S00711,U00711,basic,2023-04-27,2023-07-26,canceled
S00712,U00712,free,2024-05-17,2024-05-31,canceled
S00713,U00713,pro,17/02/2023,2023-05-18,canceled
S00714,U00714,free,11-24-2023,05-22-2024,canceled
S00715,U00715,free,2024-02-27,2024-03-05,canceled
S00716,U00716,basic,08/01/2024,2024/04/07,canceled
S00717,U00717,free,06-20-2023,27/06/2023,canceled
S00718,U00718,free,2024-01-02,,active
S00719,U00719,free,05-04-2023,05-11-2023,canceled
S00720,U00720,free,2023-07-28,2023-08-04,canceled
S00721,U00721,free,2023/05/15,29/05/2023,canceled
S00722,U00722,free,06-27-2024,,active
S00723,U00723,free,03-13-2024,03-27-2024,canceled
S00724,U00724,basic,19/05/2023,15/11/2023,canceled
S00725,U00725,free,2023-07-01,2023/07/15,canceled
S00726,U00726,free,2024-04-23,,active
S00727,U00727,free,2023/09/09,09-16-2023,canceled
S00728,U00728,free,30/03/2023,03-29-2024,canceled
S00729,U00729,pro,2023/10/20,,active
S00730,U00730,free,2023-09-20,2023/10/20,canceled
S00731,U00731,basic,2023-12-07,06/03/2024,canceled
S00732,U00732,free,2023/05/16,05-23-2023,canceled
S00733,U00733,pro,06-23-2023,30/06/2023,canceled
S00734,U00734,free,19/08/2023,,active
S00735,U00735,free,2023/11/01,08/11/2023,canceled
S00736,U00736,free,2023-05-24,2024-05-23,canceled
S00737,U00737,free,01-23-2024,,active
S00738,U00738,free,06/09/2023,2023/09/13,canceled
S00739,U00739,free,2023/12/14,03-13-2024,canceled
S00740,U00740,free,2024-06-23,,active
S00741,U00741,free,07/02/2023,14/02/2023,canceled
S00742,U00742,free,05-11-2023,08-09-2023,canceled
S00743,U00743,free,2023/03/21,2024-03-20,canceled
S00744,U00744,pro,26/01/2023,2023-07-25,canceled
S00745,U00745,free,2023/03/25,2024-03-24,canceled
S00746,U00746,free,2023-05-07,05/08/2023,canceled
S00747,U00747,pro,2023-09-22,2023-12-21,canceled
S00748,U00748,free,2023-05-10,2023-05-17,canceled
S00749,U00749,free,2023-03-20,18/06/2023,canceled
S00750,U00750,free,2024/06/25,,active
S00751,U00751,free,05-29-2024,06-05-2024,canceled
S00752,U00752,pro,10/02/2023,03-12-2023,canceled
S00753,U00753,free,30/04/2023,2023-05-14,canceled
S00754,U00754,free,05-30-2024,2024-06-29,canceled
S00755,U00755,free,19/03/2023,2023-04-18,canceled
S00756,U00756,basic,04-02-2023,29/09/2023,canceled
S00757,U00757,free,2024-05-28,2024/06/11,canceled
S00758,U00758,basic,26/05/2023,2023-08-24,canceled
S00759,U00759,free,2023/12/14,2023-12-11,canceled
S00760,U00760,free,07-25-2023,2023-08-01,canceled
S00761,U00761,free,04-29-2023,2023/05/06,canceled
S00762,U00762,pro,2023-03-09,05/09/2023,canceled
S00763,U00763,pro,2024/04/04,2024/04/11,canceled
S00764,U00764,basic,02-22-2024,03-07-2024,canceled
S00765,U00765,free,2024-01-06,2024-02-05,canceled
S00766,U00766,basic,25/01/2024,,active
S00767,U00767,basic,05/04/2023,2023-07-04,canceled
S00768,U00768,free,2023/06/15,2023/09/13,canceled
S00769,U00769,free,2023/11/25,2024/02/23,canceled
S00770,U00770,free,23/02/2023,2023/03/02,canceled
S00771,U00771,free,2024/03/05,12/03/2024,canceled
S00772,U00772,free,2023-01-10,2023/01/24,canceled
S00773,U00773,pro,2023-03-30,26/09/2023,canceled
S00774,U00774,free,03-24-2023,03-23-2024,canceled
S00775,U00775,free,02-21-2024,2024-02-28,canceled
S00776,U00776,basic,10-26-2023,,active
S00777,U00777,free,01-30-2023,02-06-2023,canceled
S00778,U00778,free,26/04/2024,,active
S00779,U00779,pro,2023-02-01,2023/05/02,canceled
S00780,U00780,free,02-10-2023,17/02/2023,canceled
S00781,U00781,free,2023-01-18,04-18-2023,canceled
S00782,U00782,free,01-18-2024,,active
S00783,U00783,free,2023/06/29,2023-07-13,canceled
S00784,U00784,pro,2023-09-07,2024-03-05,canceled
S00785,U00785,free,2023/05/26,09/06/2023,canceled
S00786,U00786,free,2024-02-06,,active
S00787,U00787,free,2023/02/21,2023-02-28,canceled
S00788,U00788,basic,02-13-2024,2024/05/13,canceled
S00789,U00789,free,2023/05/30,29/06/2023,canceled
S00790,U00790,free,2023-01-28,04-28-2023,canceled
S00791,U00791,pro,2023-08-01,2023/08/15,canceled
S00792,U00792,free,2024/05/10,,active
S00793,U00793,free,17/10/2023,15/01/2024,canceled
S00794,U00794,basic,2024-01-06,2024/04/05,canceled
S00795,U00795,free,2023-05-09,2023/05/23,canceled
S00796,U00796,pro,08-10-2023,11-08-2023,canceled
S00797,U00797,pro,2024-03-21,2024-03-17,canceled
S00798,U00798,free,06-11-2024,,active
S00799,U00799,free,2024/02/05,,active
S00800,U00800,free,06/01/2024,2024/01/20,canceled
S00801,U00801,pro,04-12-2024,,active
S00802,U00802,free,2024-04-18,25/04/2024,canceled
S00803,U00803,free,29/09/2023,03-27-2024,canceled
S00804,U00804,pro,23/08/2023,2023-09-06,canceled
S00805,U00805,free,2024-03-31,2024/04/30,canceled
S00806,U00806,basic,03-12-2024,,active
S00807,U00807,free,12/01/2024,,active
S00808,U00808,basic,2023-08-05,02-01-2024,canceled
S00809,U00809,pro,2023-05-29,2023-06-05,canceled
S00810,U00810,free,30/05/2024,06-06-2024,canceled
S00811,U00811,free,25/05/2024,,active
S00812,U00812,free,2024/03/21,,active
S00813,U00813,pro,06-17-2024,,active
S00814,U00814,free,2024-01-31,,active
S00815,U00815,basic,2023-08-19,2024-02-15,canceled
S00816,U00816,pro,24/05/2023,2023-08-22,canceled
S00817,U00817,free,2023-06-23,2024-06-22,canceled
S00818,U00818,free,2023-11-23,30/11/2023,canceled
S00819,U00819,free,05-07-2024,14/05/2024,canceled
S00820,U00820,free,01-02-2024,,active
S00821,U00821,free,06-13-2024,27/06/2024,canceled
S00822,U00822,free,2023-04-30,2023/10/27,canceled
S00823,U00823,free,2024/03/20,2024/04/03,canceled
S00824,U00824,pro,2023-05-19,11-15-2023,canceled
S00825,U00825,free,2023/12/19,2023-12-26,canceled
S00826,U00826,free,2024/01/16,,active
S00827,U00827,free,2023-04-13,2024/04/12,canceled
S00828,U00828,free,2023-11-11,25/11/2023,canceled
S00829,U00829,free,2023-01-31,2023-02-14,canceled
S00830,U00830,free,11/01/2023,04-11-2023,canceled
S00831,U00831,free,2024-05-02,16/05/2024,canceled
S00832,U00832,free,2023/09/02,2023-10-02,canceled
S00833,U00833,basic,2023-05-11,10/06/2023,canceled
S00834,U00834,pro,2023-12-22,2023-12-29,canceled
S00835,U00835,free,04-16-2023,2023-04-30,canceled
S00836,U00836,free,11/05/2023,05-10-2024,canceled
S00837,U00837,pro,04-13-2023,2023-04-20,canceled
S00838,U00838,free,04-06-2023,2023/05/06,canceled
S00839,U00839,free,2023/10/20,11-03-2023,canceled
S00840,U00840,basic,2024-05-30,2024/06/29,canceled
S00841,U00841,basic,2024-06-21,,active
S00842,U00842,free,07/04/2023,04/10/2023,canceled
S00843,U00843,free,2023-06-11,2024-06-10,canceled
S00844,U00844,free,08-22-2023,2023-08-29,canceled
S00845,U00845,free,19/04/2023,16/10/2023,canceled
S00846,U00846,free,2023/08/08,2023/08/15,canceled
S00847,U00847,basic,2024/04/20,,active
S00848,U00848,pro,10-07-2023,2024-04-04,canceled
S00849,U00849,free,02/02/2023,09/02/2023,canceled
S00850,U00850,basic,2023-09-14,,active
S00851,U00851,basic,03-28-2023,2024-03-27,canceled
S00852,U00852,free,04-28-2023,07-27-2023,canceled
S00853,U00853,free,22/03/2023,29/03/2023,canceled
S00854,U00854,basic,22/12/2023,,active
S00855,U00855,free,2023-01-31,02-07-2023,canceled
S00856,U00856,free,27/11/2023,2024/02/25,canceled
S00857,U00857,free,05-31-2024,,active
S00858,U00858,free,2023/12/08,15/12/2023,canceled
S00859,U00859,free,2023-10-19,11-02-2023,canceled
S00860,U00860,free,09/11/2023,02-07-2024,canceled
S00861,U00861,free,2024/06/21,,active
S00862,U00862,free,2023-03-29,27/06/2023,canceled
S00863,U00863,free,05-04-2023,2023-06-03,canceled
S00864,U00864,free,2023-10-08,2024/01/06,canceled
S00865,U00865,free,01-13-2024,27/01/2024,canceled
S00866,U00866,free,07/02/2023,2023-03-09,canceled
S00867,U00867,free,06/06/2024,,active
S00868,U00868,free,15/07/2023,2023/07/22,canceled
S00869,U00869,pro,04-28-2023,27/07/2023,canceled
S00870,U00870,pro,2023/01/10,07-09-2023,canceled
S00871,U00871,free,2023-03-01,2023-08-28,canceled
S00872,U00872,free,16/09/2023,14/03/2024,canceled
S00873,U00873,free,2023/11/10,2023/11/24,canceled
S00874,U00874,basic,2023/12/14,01-13-2024,canceled
S00875,U00875,free,2024-01-24,2024/02/07,canceled
S00876,U00876,free,2024/05/24,,active
S00877,U00877,pro,2024-05-12,,active
S00878,U00878,free,25/05/2024,,active
S00879,U00879,basic,2023-12-19,,active
S00880,U00880,pro,20/12/2023,2024/06/17,canceled
S00881,U00881,free,01-04-2023,2023/01/18,canceled
S00882,U00882,free,2024/03/01,2024-03-31,canceled
S00883,U00883,basic,01-20-2024,,active
S00884,U00884,free,02/06/2023,2023/07/02,canceled
S00885,U00885,free,2023/12/22,01-21-2024,canceled
S00886,U00886,free,2023-02-07,02-14-2023,canceled
S00887,U00887,free,2024-04-03,2024-04-10,canceled
S00888,U00888,free,17/02/2024,,active
S00889,U00889,pro,2024/02/01,02/03/2024,canceled
S00890,U00890,free,10/04/2023,04-24-2023,canceled
S00891,U00891,basic,11-24-2023,2024-02-22,canceled
S00892,U00892,basic,03/08/2023,09-02-2023,canceled
S00893,U00893,free,04-14-2023,28/04/2023,canceled
S00894,U00894,free,29/06/2024,,active
S00895,U00895,free,06-07-2023,06-14-2023,canceled
S00896,U00896,free,2024/06/18,,active
S00897,U00897,free,11/05/2024,2024-05-18,canceled
S00898,U00898,basic,03-13-2024,,active
S00899,U00899,free,2024-06-09,,active
S00900,U00900,basic,2023/01/11,2023/01/25,canceled
S00901,U00901,pro,04-23-2023,2023-04-30,canceled
S00902,U00902,free,2023-08-12,2023-09-11,canceled
S00903,U00903,free,22/06/2024,,active
S00904,U00904,free,08/10/2023,06/01/2024,canceled
S00905,U00905,free,2024/05/18,,active
S00906,U00906,free,2023-10-24,2023-10-19,canceled
S00907,U00907,free,2024/03/04,2024/04/03,canceled
S00908,U00908,free,07/06/2023,21/06/2023,canceled
S00909,U00909,pro,2024-05-09,2024/06/08,canceled
S00910,U00910,free,04/04/2024,11/04/2024,canceled
S00911,U00911,free,06-02-2023,07-02-2023,canceled
S00912,U00912,basic,2023/05/28,2023/08/26,canceled
S00913,U00913,free,2023-10-20,19/11/2023,canceled
S00914,U00914,free,2023/04/12,2023-04-09,canceled
S00915,U00915,free,2023/09/15,,active
S00916,U00916,free,04-08-2024,22/04/2024,canceled
S00917,U00917,pro,01-19-2024,18/04/2024,canceled
S00918,U00918,basic,09-06-2023,05/12/2023,canceled
S00919,U00919,pro,2024/01/30,2024/02/29,canceled
S00920,U00920,pro,01/10/2023,03-29-2024,canceled
S00921,U00921,free,2023/09/17,,active
S00922,U00922,free,2024-03-12,,active
S00923,U00923,free,01/04/2023,31/03/2024,canceled
S00924,U00924,free,2024/05/13,,active
S00925,U00925,basic,2024-06-14,,active
S00926,U00926,free,10-28-2023,27/11/2023,canceled
S00927,U00927,free,21/01/2023,04/02/2023,canceled
S00928,U00928,free,2023/12/14,13/03/2024,canceled
S00929,U00929,basic,06/09/2023,2023-09-20,canceled
S00930,U00930,free,2024/02/22,,active
S00931,U00931,basic,13/06/2023,2023/09/11,canceled
S00932,U00932,pro,24/03/2023,03-23-2024,canceled
S00933,U00933,basic,2024-05-18,,active
S00934,U00934,free,2023/01/19,2023-07-18,canceled
S00935,U00935,free,03-11-2023,04-10-2023,canceled
S00936,U00936,free,2024-03-10,03-17-2024,canceled
S00937,U00937,free,05-13-2024,,active
S00938,U00938,free,2024/06/28,,active
S00939,U00939,pro,08-15-2023,2024/02/11,canceled
S00940,U00940,free,2023-08-07,08-14-2023,canceled
S00941,U00941,free,2024-05-28,,active
S00942,U00942,free,2024-02-28,,active
S00943,U00943,pro,2024-06-11,,active
S00944,U00944,free,2023/01/10,2023/02/09,canceled
S00945,U00945,free,2023/02/02,09/02/2023,canceled
S00946,U00946,basic,2024/02/24,2024/03/02,canceled
S00947,U00947,free,2023/09/26,2023-12-25,canceled
S00948,U00948,free,05-08-2023,07/05/2024,canceled
S00949,U00949,free,02/03/2024,2024-03-09,canceled
S00950,U00950,free,07/10/2023,2023-11-06,canceled
S00951,U00951,basic,2023-02-24,03-03-2023,canceled
S00952,U00952,free,05-29-2024,,active
S00953,U00953,free,2024-03-16,2024-04-15,canceled
S00954,U00954,free,13/05/2023,05-20-2023,canceled
S00955,U00955,free,10-08-2023,,active
S00956,U00956,pro,2023-12-12,2024-03-11,canceled
S00957,U00957,free,2024-03-05,06-03-2024,canceled
S00958,U00958,free,19/04/2023,10-16-2023,canceled
S00959,U00959,free,03/05/2024,,active
S00960,U00960,basic,2024-01-31,,active
S00961,U00961,free,2024-04-03,04-17-2024,canceled
S00962,U00962,free,2024/02/29,2024/03/14,canceled
S00963,U00963,free,2023-10-12,2023/10/19,canceled
S00964,U00964,free,04-14-2023,2023-05-14,canceled
S00965,U00965,basic,01-10-2023,2024-01-10,canceled
S00966,U00966,basic,2024-02-06,2024-05-06,canceled
S00967,U00967,free,2024/01/13,,active
S00968,U00968,free,2023/07/02,01/08/2023,canceled
S00969,U00969,free,2023-02-03,02-10-2023,canceled
S00970,U00970,pro,12-22-2023,2024-01-21,canceled
S00971,U00971,free,2023-03-24,2023-04-07,canceled
S00972,U00972,free,2023/07/26,09/08/2023,canceled
S00973,U00973,free,2023/10/21,10-28-2023,canceled
S00974,U00974,free,02-08-2024,2024-02-15,canceled
S00975,U00975,basic,10-04-2023,03/11/2023,canceled
S00976,U00976,basic,15/04/2024,15/05/2024,canceled
S00977,U00977,free,30/06/2023,2023-09-28,canceled
S00978,U00978,basic,2023-06-15,12/12/2023,canceled
S00979,U00979,pro,04-13-2024,,active
S00980,U00980,free,2023/03/30,2023-04-29,canceled
S00981,U00981,free,2023/06/13,06-20-2023,canceled
S00982,U00982,free,01-19-2023,07-18-2023,canceled
S00983,U00983,free,2023-02-01,07-31-2023,canceled
S00984,U00984,free,2023-05-10,2023-05-24,canceled
S00985,U00985,basic,04-11-2024,,active
S00986,U00986,pro,2023/03/09,08/03/2024,canceled
S00987,U00987,basic,2024/01/12,19/01/2024,canceled
S00988,U00988,free,2024-03-28,,active
S00989,U00989,free,13/05/2023,06-12-2023,canceled
S00990,U00990,pro,04-09-2024,,active
S00991,U00991,free,2023/10/28,26/01/2024,canceled
S00992,U00992,basic,04-28-2023,2023-07-27,canceled
S00993,U00993,basic,24/04/2024,24/05/2024,canceled
S00994,U00994,pro,03-14-2023,10/09/2023,canceled
S00995,U00995,free,12/06/2024,2024/06/26,canceled
S00996,U00996,free,27/06/2024,,active
S00997,U00997,pro,2023-10-24,2023/11/07,canceled
S00998,U00998,free,2023-11-27,25/05/2024,canceled
S00999,U00999,free,09/03/2023,03-08-2024,canceled
S01000,U01000,free,07-22-2023,07-29-2023,canceled
S01001,U01001,free,02-10-2024,2024-02-17,canceled
S01002,U01002,pro,2024/06/19,,active
S01003,U01003,free,25/03/2023,2023-06-23,canceled
S01004,U01004,pro,2024/06/14,,active
S01005,U01005,free,2024-03-05,03-12-2024,canceled
S01006,U01006,free,01-12-2024,2024/01/26,canceled
S01007,U01007,free,07/11/2023,2024-02-05,canceled
S01008,U01008,free,06-29-2023,2023-07-29,canceled
S01009,U01009,free,16/06/2023,30/06/2023,canceled
S01010,U01010,free,05-06-2023,05/05/2024,canceled
S01011,U01011,free,2024-04-11,11/05/2024,canceled
S01012,U01012,free,2023-06-22,21/06/2024,canceled
S01013,U01013,free,2023/10/26,2023/11/09,canceled
S01014,U01014,free,2024/04/10,2024-04-24,canceled
S01015,U01015,pro,2023-12-08,01-07-2024,canceled
S01016,U01016,pro,06-01-2023,2023-11-28,canceled
S01017,U01017,free,04-23-2024,2024-05-07,canceled
S01018,U01018,pro,05/07/2023,10-03-2023,canceled
S01019,U01019,basic,2023-08-05,,active
S01020,U01020,free,02-09-2024,23/02/2024,canceled
S01021,U01021,free,29/09/2023,03-27-2024,canceled
S01022,U01022,free,20/12/2023,,active
S01023,U01023,free,2023-05-16,15/06/2023,canceled
S01024,U01024,free,01-27-2024,26/02/2024,canceled
S01025,U01025,free,24/02/2024,,active
S01026,U01026,basic,10-22-2023,2024/01/20,canceled
S01027,U01027,free,2023/09/22,09-29-2023,canceled
S01028,U01028,pro,2024/01/11,10/02/2024,canceled
S01029,U01029,pro,2024/05/09,23/05/2024,canceled
S01030,U01030,pro,10-03-2023,2024-03-31,canceled
S01031,U01031,free,07-12-2023,2024-01-08,canceled
S01032,U01032,free,2023/03/02,2023/03/16,canceled
S01033,U01033,free,2023-10-02,10-16-2023,canceled
S01034,U01034,free,2024-06-15,22/06/2024,canceled
S01035,U01035,pro,2023-07-28,2024-01-24,canceled
S01036,U01036,basic,04-25-2024,,active
S01037,U01037,basic,04-06-2023,13/04/2023,canceled
S01038,U01038,free,21/04/2024,,active
S01039,U01039,free,16/10/2023,,active
S01040,U01040,free,2024-01-17,,active
S01041,U01041,basic,2023-11-08,2023/11/22,canceled
S01042,U01042,free,2024-02-26,04/03/2024,canceled
S01043,U01043,free,22/12/2023,2024/06/19,canceled
S01044,U01044,basic,2023-01-11,2024/01/11,canceled
S01045,U01045,free,23/07/2023,2023/08/22,canceled
S01046,U01046,basic,05-24-2023,2023-11-20,canceled
S01047,U01047,free,2024/06/28,,active
S01048,U01048,free,2024/03/20,03-27-2024,canceled
S01049,U01049,free,2023/07/05,2023-08-04,canceled
S01050,U01050,basic,25/04/2023,2023/10/22,canceled
S01051,U01051,free,2023/01/08,01-22-2023,canceled
S01052,U01052,basic,2024-03-14,2024-04-13,canceled
S01053,U01053,free,2023-02-16,15/08/2023,canceled
S01054,U01054,free,2023-07-23,19/01/2024,canceled
S01055,U01055,free,2023-09-26,10/10/2023,canceled
S01056,U01056,free,06-13-2024,,active
S01057,U01057,free,12/08/2023,02-08-2024,canceled
S01058,U01058,free,2023-12-16,2024-01-15,canceled
S01059,U01059,free,2023-12-27,10/01/2024,canceled
S01060,U01060,free,2023/11/25,2024/05/23,canceled
S01061,U01061,free,2023/02/27,2023/03/29,canceled
S01062,U01062,free,05-22-2024,06-05-2024,canceled
S01063,U01063,basic,11/10/2023,04-08-2024,canceled
S01064,U01064,basic,2023/11/20,2024/02/18,canceled
S01065,U01065,free,30/05/2024,,active
S01066,U01066,free,15/06/2023,11/06/2023,canceled
S01067,U01067,free,2024/01/03,2024-01-17,canceled
S01068,U01068,free,03-06-2023,2023-04-05,canceled
S01069,U01069,free,03-07-2023,03-05-2023,canceled
S01070,U01070,basic,07-13-2023,2024/01/09,canceled
S01071,U01071,free,2023-04-14,13/07/2023,canceled
S01072,U01072,free,2024/05/31,07/06/2024,canceled
S01073,U01073,free,2024/06/27,,active
S01074,U01074,free,2024-03-14,,active
S01075,U01075,pro,09-29-2023,2023-10-13,canceled
S01076,U01076,free,2023/11/17,2023/11/24,canceled
S01077,U01077,free,2024/06/20,,active
S01078,U01078,free,2023-08-17,11-15-2023,canceled
S01079,U01079,basic,03-11-2024,,active
S01080,U01080,free,2024-05-17,06-16-2024,canceled
S01081,U01081,basic,2023/03/04,08-31-2023,canceled
S01082,U01082,basic,2023/08/11,07/02/2024,canceled
S01083,U01083,free,11-19-2023,,active
S01084,U01084,free,08-13-2023,09-12-2023,canceled
S01085,U01085,free,06-28-2024,,active
S01086,U01086,free,01-17-2023,01-24-2023,canceled
S01087,U01087,free,2023/05/27,2023/11/23,canceled
S01088,U01088,free,2023-12-08,2024-03-07,canceled
S01089,U01089,free,30/04/2023,27/10/2023,canceled
S01090,U01090,free,11-23-2023,2023-11-30,canceled
S01091,U01091,free,2024-06-27,,active
S01092,U01092,free,04-26-2023,23/10/2023,canceled
S01093,U01093,free,2023-05-24,2023-06-07,canceled
S01094,U01094,free,2023/04/07,14/04/2023,canceled
S01095,U01095,free,2023-12-13,20/12/2023,canceled
S01096,U01096,free,2023/03/16,2023-03-30,canceled
S01097,U01097,free,2023-10-30,11-06-2023,canceled
S01098,U01098,basic,03/05/2024,2024-06-02,canceled
S01099,U01099,free,23/08/2023,21/11/2023,canceled
S01100,U01100,free,03-30-2023,28/06/2023,canceled
S01101,U01101,free,01-12-2023,01-26-2023,canceled
S01102,U01102,basic,03-28-2024,04-11-2024,canceled
S01103,U01103,basic,2023-10-18,16/01/2024,canceled
S01104,U01104,pro,2024/01/26,25/04/2024,canceled
S01105,U01105,free,05-02-2024,,active
S01106,U01106,free,2024-06-28,,active
S01107,U01107,pro,2023/07/02,29/12/2023,canceled
S01108,U01108,free,12-08-2023,2024-01-07,canceled
S01109,U01109,basic,2023/10/08,06/01/2024,canceled
S01110,U01110,free,01-13-2024,04-12-2024,canceled
S01111,U01111,free,2024/02/28,2024/03/06,canceled
S01112,U01112,free,02-28-2024,,active
S01113,U01113,basic,2023-08-03,30/01/2024,canceled
S01114,U01114,free,24/02/2023,2024-02-24,canceled
S01115,U01115,free,25/07/2023,21/01/2024,canceled
S01116,U01116,free,2024-05-11,,active
S01117,U01117,free,2023/10/10,07/04/2024,canceled
S01118,U01118,free,2024-02-23,03-01-2024,canceled
S01119,U01119,free,03-04-2024,18/03/2024,canceled
S01120,U01120,free,15/11/2023,2023/11/29,canceled
S01121,U01121,pro,2023-04-13,12/07/2023,canceled
S01122,U01122,free,01-13-2024,04-12-2024,canceled
S01123,U01123,pro,2024-05-01,,active
S01124,U01124,free,14/10/2023,12/01/2024,canceled
S01125,U01125,basic,2023/01/12,2023-04-12,canceled
S01126,U01126,pro,19/02/2023,2023-03-21,canceled
S01127,U01127,free,15/02/2023,2023/03/01,canceled
S01128,U01128,free,2023/02/25,05-26-2023,canceled
S01129,U01129,free,2024-02-09,2024/05/09,canceled
S01130,U01130,free,02/06/2023,2023-06-09,canceled
S01131,U01131,free,2024-06-09,,active
S01132,U01132,free,2023/03/24,04-07-2023,canceled
S01133,U01133,free,05-05-2023,2023/05/12,canceled
S01134,U01134,pro,2023-11-19,02-17-2024,canceled
S01135,U01135,pro,2024-04-18,,active
S01136,U01136,free,10-20-2023,,active
S01137,U01137,free,2023/12/16,2024-03-15,canceled
S01138,U01138,free,08-09-2023,2024-02-05,canceled
S01139,U01139,free,08-24-2023,2023-11-22,canceled
S01140,U01140,free,2023-09-03,09-17-2023,canceled
S01141,U01141,free,16/03/2023,2023/06/14,canceled
S01142,U01142,free,2023/04/20,2023/04/27,canceled
S01143,U01143,basic,2023/07/01,30/06/2024,active
S01144,U01144,free,2024/03/19,2024-04-02,canceled
S01145,U01145,free,2024/01/12,01-19-2024,canceled
S01146,U01146,free,2023/01/30,2024-01-30,canceled
S01147,U01147,pro,2023-02-13,12/08/2023,canceled
S01148,U01148,free,21/11/2023,11-28-2023,canceled
S01149,U01149,free,05-24-2024,31/05/2024,canceled
S01150,U01150,free,02-02-2023,09/02/2023,canceled
S01151,U01151,free,13/09/2023,2024-03-11,canceled
S01152,U01152,free,2023/02/11,02-25-2023,canceled
S01153,U01153,free,2023-03-13,2023/04/12,canceled
S01154,U01154,free,2023/09/20,2023/10/04,canceled
S01155,U01155,free,2024-03-03,2024/03/10,canceled
S01156,U01156,basic,01-27-2024,,active
S01157,U01157,free,05-23-2024,,active
S01158,U01158,free,07-09-2023,07/10/2023,canceled
S01159,U01159,free,2023/03/30,03-29-2024,canceled
S01160,U01160,pro,2023-09-29,,active
S01161,U01161,free,25/08/2023,09-01-2023,canceled
S01162,U01162,basic,05-01-2024,,active
S01163,U01163,free,2023-06-06,06-05-2024,canceled
S01164,U01164,basic,2023/03/31,03-30-2024,canceled
S01165,U01165,free,13/08/2023,2023/09/12,canceled
S01166,U01166,basic,01/01/2024,2023/12/29,canceled
S01167,U01167,basic,2023/06/08,2023/09/06,canceled
S01168,U01168,free,2023/04/20,2023-05-20,canceled
S01169,U01169,pro,2023-10-21,2024/04/18,canceled
S01170,U01170,pro,18/07/2023,2024/01/14,canceled
S01171,U01171,basic,25/06/2024,,active
S01172,U01172,free,05-25-2024,,active
S01173,U01173,free,2024/05/29,05/06/2024,canceled
S01174,U01174,pro,2023-10-23,,active
S01175,U01175,pro,13/01/2024,,active
S01176,U01176,free,2023/05/25,2023/06/01,canceled
S01177,U01177,pro,2023-01-31,2023-07-30,canceled
S01178,U01178,free,01-18-2024,2024-01-25,canceled
S01179,U01179,free,2023-09-29,2023-10-29,canceled
S01180,U01180,free,04/07/2023,2023-10-02,canceled
S01181,U01181,free,25/01/2023,2023/02/08,canceled
S01182,U01182,free,2024/05/26,,active
S01183,U01183,basic,2023/11/22,02-20-2024,canceled
S01184,U01184,basic,02/09/2023,02/10/2023,canceled
S01185,U01185,free,02-26-2024,03-04-2024,canceled
S01186,U01186,free,2024/03/29,2024/04/05,canceled
S01187,U01187,basic,08-29-2023,25/02/2024,canceled
S01188,U01188,pro,12-02-2023,30/05/2024,canceled
S01189,U01189,free,2023/09/04,2023/09/18,canceled
S01190,U01190,free,05-24-2023,05-23-2024,canceled
S01191,U01191,free,06/09/2023,2023/12/05,canceled
S01192,U01192,free,12/12/2023,12-19-2023,canceled
S01193,U01193,free,24/03/2023,2023-03-31,canceled
S01194,U01194,free,16/04/2024,2024-05-16,canceled
S01195,U01195,basic,06-30-2023,2023-12-27,canceled
S01196,U01196,free,2024-06-19,,active
S01197,U01197,pro,04-17-2023,16/07/2023,canceled
S01198,U01198,basic,14/11/2023,12/05/2024,canceled
S01199,U01199,basic,06-23-2023,07-07-2023,canceled
S01200,U01200,free,02-21-2023,22/05/2023,canceled
